amplicon_seq,expected_hdr_amplicon_seq,guide_seq,sample_id
GATGGGTGGTGAATCAATGTCCAGGCGGCACATGTGCTCCAGGAATGTGTCAGCCATGGCTGCGTGCAGCTGCTGGGTCTGAATGAAGGCAGTCCCGGCTTCACTATGGGGCTTCGACATGGCTGCTGAGGTCCTGGGTCGAGACAAATTGAAAGAGAGTGGTAAGACTGAGAAGTGGTTAATATACCATTTAGCACAGAAGGCTGTCTCCTGCTTACACATTAACTCAATAAGCACGCTTTGTACACAAGC,GATGGGTGGTGAATCAATGTCCAGGCGGCACATGTGCTCCAGGAATGTGTCAGCCATGGCTGCGTGCAGCTGCTGGGTCTGAATGAAGGCAGTCCCGGCTTCACTATGGGGCTTCGAACCACTTCCTGGACCTTGAAACAAAACTTCCAATCCGCCACCCATCATATCGGTAAAGGCCTTTTGCCACTCCTTGAAGTTGAGCTCGGTCATGGCTGCTGAGGTCCTGGGTCGAGACAAATTGAAAGAGAGTGGTAAGACTGAGAAGTGGTTAATATACCATTTAGCACAGAAGGCTGTCTCCTGCTTACACATTAACTCAATAAGCACGCTTTGTACACAAGC,TTCACTATGGGGCTTCGACA,mNGplate11_sorted_A2_PKM-N
GAAGGAACCATGGAAACCAAGGAGGTGGCACATACCTTTTGAGGTGAAGAGATCAACCTCAACAGTGGGATTCCCGCGAGAGTCAAAGATCTCCCTGGCATGGATCTTGAGAATAGACATGGTGAACTTCTGTAGAAGAAACACACAGTTCATGTTTTCCATAAGCCATAATGCTGCATTTCCTCACTCATTCAAGGAATCACTTCCGAGGTTCGTGGACTAGAGAGAATCAGCACTGGACTAAATACTGGATG,GAAGGAACCATGGAAACCAAGGAGGTGGCACATACCTTTTGAGGTGAAGAGATCAACCTCAACAGTGGGATTCCCGCGAGAGTCAAAGATCTCCCTGGCATGGATCTTGAGAATAGAACCACTTCCTGGACCTTGAAACAAAACTTCCAATCCGCCACCCATCATATCGGTAAAGGCCTTTTGCCACTCCTTGAAGTTGAGCTCGGTCATGTTGAACTTCTGTAGAAGAAACACACAGTTCATGTTTTCCATAAGCCATAATGCTGCATTTCCTCACTCATTCAAGGAATCACTTCCGAGGTTCGTGGACTAGAGAGAATCAGCACTGGACTAAATACTGGATG,ATGGATCTTGAGAATAGACA,mNGplate11_sorted_A3_ENO1-N
CATGAGGTCCTAGCCCCTGGCTGCCTGGATGCGTTCCCCCTGCTCTCAGCATATGTGGGGCGCCTCAGTGCCCGGCCCAAGCTCAAGGCCTTCCTGGCCTCCCCTGAGTACGTGAACCTCCCCATCAATGGCAACGGGAAACAGTGAGGGTTGGGGGGACTCTGAGCGGGAGGCAGAGTTTGCCTTCCTTTCTCCAGGACCAATAAAATTTCTAAGAGAGCTACTATGAGCACTGTGTTTCCTGGGACGG,CATGAGGTCCTAGCCCCTGGCTGCCTGGATGCGTTCCCCCTGCTCTCAGCATATGTGGGGCGCCTCAGTGCCCGGCCCAAGCTCAAGGCCTTCCTGGCCTCCCCTGAGTACGTGAACCTCCCCATCAATGGCAACGGGAAACAGGGTGGCGGATTGGAAGTTTTGTTTCAAGGTCCAGGAAGTGGTACCGAGCTCAACTTCAAGGAGTGGCAAAAGGCCTTTACCGATATGATGTGAGGGTTGGGCGGACTCTGAGCGGGAGGCAGAGTTTGCCTTCCTTTCTCCAGGACCAATAAAATTTCTAAGAGAGCTACTATGAGCACTGTGTTTCCTGGGACGG,ACGGGAAACAGTGAGGGTTG,mNGplate11_sorted_A4_GSTP1-C
AGGAAGAGTCACACAGTCGGTTTCTCTAGAGTAATTTGAAGCTCTTGGCTCAACATTTATTGCCCCCTTCCTTTGCTCCTCATGTCCCAGAATGCCACCCTCCCAGATGGGGACAGAGTGCTACTGGTACTGGTGGGAGGGGTAGGTGCTGTGTCCGTCGTACTCATCGGTGGTGAGGCAGCGCAGCATGAAATGGCCCAGGTCATGTTTGGAGATGACCCTTGAGGGCCCTCGTCCATCCAGGGTCACTGTGTAC,AGGAAGAGTCACACAGTCGGTTTCTCTAGAGTAATTTGAAGCTCTTGGCTCAACATTTATTGCCCCCTTCCTTTGCTCCTCATGTCCCAGAATGCCACCCTCCCAGATGGGGACAGAGTGCTACATCATATCGGTAAAGGCCTTTTGCCACTCCTTGAAGTTGAGCTCGGTACCACTTCCTGGACCTTGAAACAAAACTTCCAATCCGCCACCCTGGTACTGGTGGGAGGGGTAGGTGCTGTGTCCGTCGTACTCATCGGTGGTGAGGCAGCGCAGCATGAAATGGCCCAGGTCATGTTTGGAGATGACCCTTGAGGGCCCTCGTCCATCCAGGGTCACTGTGTAC,GGACAGAGTGCTACTGGTAC,mNGplate11_sorted_A5_BLVRB-C
AGACTTCACTGGTGTCAGATGGGGAGACCTGGCACGTCATGGGCATCTCCTCCTTGCTGCCCAGCCTGGAAGCGTGGAAGCAGCATGTGACTGAAGCCTTCCAGTTCCACTTCTAACCTTGGAGCTCACTGGTCCCTGCCTCTGGGGCTTTTCTGAAGAAACCCACCCACTGTGATCAATAGGGAGAGAAAATCCACATTCTTGGGCTGAACGCGGGCCTCTGACACTGCTTACACTGCACTCTGACCCTG,AGACTTCACTGGTGTCAGATGGGGAGACCTGGCACGTCATGGGCATCTCCTCCTTGCTGCCCAGCCTGGAAGCGTGGAAGCAGCATGTGACTGAAGCCTTCCAGTTCCACTTCGGTGGCGGATTGGAAGTTTTGTTTCAAGGTCCAGGAAGTGGTACCGAGCTCAACTTCAAGGAGTGGCAAAAGGCCTTTACCGATATGATGTAACCTTGGAGCTCACTGGTCCCTGCCTCTGGGGCTTTTCTGAAGAAACCCACCCACTGTGATCAATAGGGAGAGAAAATCCACATTCTTGGGCTGAACGCGGGCCTCTGACACTGCTTACACTGCACTCTGACCCTG,TCCAGTTCCACTTCTAACCT,mNGplate11_sorted_A6_PHGDH-C
CCTAGGGGATTGGCTGCCCGGCGACCGCGGGCTGACGTGGCGGGGCTGGCGTGTGGGTCTCGCAGCGTTGCTCACAGAACAGAGTAGAGGCGGCGGCGGCGGCGGCCGGACCCAGACTGGTAGTGAGGCTTTGGACCCCGAGCCGCTGCAATGCCGCTGGAGCTGGAGCTGTGTCCCGGGCGCTGGGTGGGCGGGCAACACCCGTGCTTCATCATTGCCGAGATCGGCCAGAACCACCAGGGCGACCTGGACGTAGCCAAGCGCATGAT,CCTAGGGGATTGGCTGCCCGGCGACCGCGGGCTGACGTGGCGGGGCTGGCGTGTGGGTCTCGCAGCGTTGCTCACAGAACAGAGTAGAGGCGGCGGCGGCGGCGGCCGGACCCAGACTGGTAGTGAGGCTTTGGACCCCGAGCCGCTGCAATGACCGAGCTCAACTTCAAGGAGTGGCAAAAGGCCTTTACCGATATGATGGGTGGCGGATTGGAAGTTTTGTTTCAAGGTCCAGGAAGTGGTCCGCTGGAGCTGGAGCTGTGTCCCGGGCGCTGGGTGGGCGGGCAACACCCGTGCTTCATCATTGCCGAGATCGGCCAGAACCACCAGGGCGACCTGGACGTAGCCAAGCGCATGAT,CCGAGCCGCTGCAATGCCGC,mNGplate11_sorted_A7_NANS-N
CCAGACAGCAGGTTTCCTTGTATGTCACTCAGCTTTGTGGCCTCACCTTTAATACTCCCCTGTCTTTTTTGGAGGTAATATCCTCTCCCTGCTCAGCAACAGTGGCTGTGGGGCTTTCTTCATTGTTCTTGGCACCTTCATCAGTAGTCATTGTCTTTTAAGTAGAGAACCTGGTAAGAAGAAAAATATTTTAGCTGGGAAAAATATCACTTCTTTATGAATCTTGAATGTCCCTGGGAACTGAGCTCTACCTA,CCAGACAGCAGGTTTCCTTGTATGTCACTCAGCTTTGTGGCCTCACCTTTAATACTCCCCTGTCTTTTTTGGAGGTAATATCCTCTCCCTGCTCAGCAACAGTGGCTGTGGGGCTTTCTTCATTGTTCTTGGCACCTTCATCGGTAGTACCACTTCCTGGACCTTGAAACAAAACTTCCAATCCGCCACCCATCATATCGGTAAAGGCCTTTTGCCACTCCTTGAAGTTGAGCTCGGTCATTGTCTTTTAAGTAGAGAACCTGGTAAGAAGAAAAATATTTTAGCTGGGAAAAATATCACTTCTTTATGAATCTTGAATGTCCCTGGGAACTGAGCTCTACCTA,AAGACAATGACTACTGATGA,mNGplate11_sorted_A8_FKBP5-N
TGCAATTGGCTGAACTTTCAGGGGGCGGGGCTCACCCGGTCCGGTCCAGTTAAAAGGGTGGGAGCGTCCGGGGGCCCATCTCTCTCGGGTGGAGTCTTCTGACAGCTGGTGCGCCTGCCCGGGAACATCCTCCTGGACTCAATCATGGCTTGTGTGAGTGTGGGGACCCCCCCCCAAGGTCCAGGGGATAGGGCAGGAACTGATGGCCAGAGGAGAGCTGGGCAGATCGGGAGCAGATTCTAGCCCCAGCT,TGCAATTGGCTGAACTTTCAGGGGGCGGGGCTCACCCGGTCCGGTCCAGTTAAAAGGGTGGGAGCGTCCGGGGGCCCATCTCTCTCGGGTGGAGTCTTCTGACAGCTGGTGCGCCTGCCCGGGAACATCCTCCTGGACTCAATCATGTCTACCGAGCTCAACTTCAAGGAGTGGCAAAAGGCCTTTACCGATATGATGGGTGGCGGATTGGAAGTTTTGTTTCAAGGTCCAGGAAGTGGTGCTTGTGTGAGTGTGGGGACCCCCCCCCAAGGTCCAGGGGATAGGGCAGGAACTGATGGCCAGAGGAGAGCTGGGCAGATCGGGAGCAGATTCTAGCCCCAGCT,CATCCTCCTGGACTCAATCA,mNGplate11_sorted_A9_LGALS1-N
CAAGAGCACGTCGCAGAAGCGCCCGCCGTTTTTGCGCTGCTGGTTCAGGTTGTGCAGCATCTCCGTGCTGTGTCTGCTCACCTGGTATGTGTAGCAGCCAGACGGGCCGCACGAAGCGTCGTTCACCCGCTCCATGGCCGCCGCCCCCTCCCACTAGCCCGGCCGCTGCACCTGCCCGCCCCCTCCCTTCCCCTCAGCAGCGAGAAGCGGGGCGCAGCAGACGTGTCCACACTCCCCACACGTGCCGGCCCGAGGCTCTGTAGTCTCG,CAAGAGCACGTCGCAGAAGCGCCCGCCGTTTTTGCGCTGCTGGTTCAGGTTGTGCAGCATCTCCGTGCTGTGTCTGCTCACCTGGTATGTGTAGCAGCCAGACGGGCCGCACGAAGCGTCGTTCACCCGCTCACCACTTCCTGGACCTTGAAACAAAACTTCCAATCCGCCACCCATCATATCGGTAAAGGCCTTTTGCCACTCCTTGAAGTTGAGCTCGGTCATGGCCGCCGCCCCCTCCCACTAGCCCGGCCGCTGCACCTGCCCGCCCCCTCCCTTCCCCTCAGCAGCGAGAAGCGGGGCGCAGCAGACGTGTCCACACTCCCCACACGTGCCGGCCCGAGGCTCTGTAGTCTCG,AGCGTCGTTCACCCGCTCCA,mNGplate11_sorted_A10_PATZ1-N
ATGCATCAAGTTATAAAGCAGTCCTTTCATCAGATGGTAAATTCTTATTTCATCTCCATTTTCTTCCAGTCCTTAAGGGAAAGAAGTTAAGTCTTCCAATGCCAATCTGAGGACCTTCAGAGACAGTCTACGCCTTAACAAGCACATGAAGGAAACTATTTTGAATGTTCTCTTTGGCAACTTATCCATAATTTGGGATCAAATGTTAAAACCAGAAAAGTGTTTAGTGTGGATTTCAGCAAAACCTGAT,ATGCATCAAGTTATAAAGCAGTCCTTTCATCAGATGGTAAATTCTTATTTCATCTCCATTTTCTTCCAGTCCTTAAGGGAAAGAAGTTAAGTCTTCCAATGCCAATCGGTGGCGGATTGGAAGTTTTGTTTCAAGGTCCAGGAAGTGGTACCGAGCTCAACTTCAAGGAGTGGCAAAAGGCCTTTACCGATATGATGTGAGGACCTTCAGAGACAGTCTACGCCTTAACAAGCACATGAAGGAAACTATTTTGAATGTTCTCTTTGGCAACTTATCCATAATTTGGGATCAAATGTTAAAACCAGAAAAGTGTTTAGTGTGGATTTCAGCAAAACCTGAT,GTCTCTGAAGGTCCTCAGAT,mNGplate11_sorted_A11_KDELR3-C
ACAGCAGTCCCAAGAAGGTGGGGAGAGGCGTGCTGCGGGGTCTGGGAAGGGGAGGCTGTGGTGTCTGTCTGTCCATCCATCTCAGGCTGCAGGAGAAGAGGCTTATTCGGCAGGTTTGGCCTCAGCCCCATCCGCTTTGCCATCTACCTCTTCGTCGGAGCCATCCCCGGCGCCTTTCCGGGCCATTCGGCGGGGCACGACAAACGGCAGGTCCCCGCGCCTGGGGGCAGAGGTAGAAGCAGAGGGTCAG,ACAGCAGTCCCAAGAAGGTGGGGAGAGGCGTGCTGCGGGGTCTGGGAAGGGGAGGCTGTGGTGTCTGTCTGTCCATCCATCTCAGGCTGCAGGAGAAGAGGCTTACATCATATCGGTAAAGGCCTTTTGCCACTCCTTGAAGTTGAGCTCGGTACCACTTCCTGGACCTTGAAACAAAACTTCCAATCCGCCACCTTCGGCAGGTTTGGCCTCAGCCCCATCCGCTTTGCCATCTACCTCTTCGTCGGAGCCATCCCCGGCGCCTTTCCGGGCCATTCGGCGGGGCACGACAAACGGCAGGTCCCCGCGCCTGGGGGCAGAGGTAGAAGCAGAGGGTCAG,GGAGAAGAGGCTTATTCGGC,mNGplate11_sorted_A12_MYH9-C
TGATTTATAGTGGCAAATACCCCCAAAGGAAGTAAAATAGCTTAAAAAAATCTCTTGGTTAATAAACATTAAAGAAGCTGTAGTGACACTAAATGTTTTTCCTCCTATAGATTCCTTTTGGTTCCAAGTCCAATATGGCAACTCTAAAGGATCAGCTGATTTATAATCTTCTAAAGGAAGAACAGACCCCCCAGAATAAGATTACAGTTGTTGGGGTTGGTGCTGTTGGCATGGCCTGTGCCATCAGTATCTTAA,TGATTTATAGTGGCAAATACCCCCAAAGGAAGTAAAATAGCTTAAAAAAATCTCTTGGTTAATAAACATTAAAGAAGCTGTAGTGACACTAAATGTTTTTCCTCCTATAGATTCCTTTTGGTTCCAAGTCCAATATGACCGAGCTCAACTTCAAGGAGTGGCAAAAGGCCTTTACCGATATGATGGGTGGCGGATTGGAAGTTTTGTTTCAAGGTCCAGGAAGTGGTGCAACTCTAAAAGATCAGCTGATTTATAATCTTCTAAAGGAAGAACAGACCCCCCAGAATAAGATTACAGTTGTTGGGGTTGGTGCTGTTGGCATGGCCTGTGCCATCAGTATCTTAA,GTCCAATATGGCAACTCTAA,mNGplate11_sorted_B1_LDHA-N
GAGCCACCTCTTCACTCCTTAAGCCAGAGGACACCACAAAGACACAGTTAATGGCCTCTCATGCCACTCCTCAGGTGGCTTGTGAGGGCAGCCAGTGAGGGACTGCAGGATTTCAGGGAAGTAGCTCAGATGGCCCACTCAGAACTTCTGTAAGAATTTGAGGACAAGGTCCCGCAGTCGCACTCTGAGCATCTCGTCATTGTCGCAGATGATATGGGTCGAGTCTTCTTCAATCTGGATGAGCGTCTCAG,GAGCCACCTCTTCACTCCTTAAGCCAGAGGACACCACAAAGACACAGTTAATGGCCTCTCATGCCACTCCTCAGGTGGCTTGTGAGGGCAGCCAGTGAGGGACTGCAGGATTTCAGGGAAGTAGCTCAGATGGCCCACTCACATCATATCGGTAAAGGCCTTTTGCCACTCCTTGAAGTTGAGCTCGGTACCACTTCCTGGACCTTGAAACAAAACTTCCAATCCGCCACCAAACTTCTGTAAGAATTTGAGGACAAGGTCCCGCAGTCGCACTCTGAGCATCTCGTCATTGTCGCAGATGATATGGGTCGAGTCTTCTTCAATCTGGATGAGCGTCTCAG,TTCTTACAGAAGTTCTGAGT,mNGplate11_sorted_B2_INTS9-C
GGCTTGTTACTGATGTCAAGGAGGTGTTTGGTCAGGATCAGTGGGTCAGGAGGGGTCTCAAGGTGGAGGGACTCTGACACCACTGCCCTGCTTACAGGTCGCCTGCGAGGCCGCTGGCCAGGCCTGAGCCTCTGCCACCATGGCCATTGTGCAGACTCTGCCAGTGCCACTGGAGCCTGCTCCTGAAGCTGCCACTGCCCCACAAGCTCCAGTCATGGGTAGTGTGAGCAGCCTTATCTCAGGCCGGCCCT,GGCTTGTTACTGATGTCAAGGAGGTGTTTGGTCAGGATCAGTGGGTCAGGAGGGGTCTCAAGGTGGAGGGACTCTGACACCACTGCCCTGCTTACAGGTCGCCTGCGAGGCCGCTGGCCAGGCCTGAGCCTCTGCCACCATGACCGAGCTCAACTTCAAGGAGTGGCAAAAGGCCTTTACCGATATGATGGGTGGCGGATTGGAAGTTTTGTTTCAAGGTCCAGGAAGTGGTGCCATTGTGCAGACTCTGCCAGTGCCACTGGAGCCTGCTCCTGAAGCTGCCACTGCCCCACAAGCTCCAGTCATGGGTAGTGTGAGCAGCCTTATCTCAGGCCGGCCCT,CAGAGTCTGCACAATGGCCA,mNGplate11_sorted_B4_LZTS2-N
AACTCCAGTGCAACTGTTTCATAACTGGTTCTCTTTGATTCTTCTAGAAAGCCATGTCCTGCCACCGCAGCCAGCTCCTCTGGTTCCGCCGCCTCTACATTATCTTCTCCCGGTACATGAGAATCAACTCACTGAGCTTCCTCTGAAGCCTTGAAGGGTTTTCAGATCCAAGGAACAAAGGGGAAAATAGACAAAGGAGTGCAGAGGACCTGGCCTGGCACTGGCTTATTTACCTGAGCTCAAGGAGATCC,AACTCCAGTGCAACTGTTTCATAACTGGTTCTCTTTGATTCTTCTAGAAAGCCATGTCCTGCCACCGCAGCCAGCTCCTCTGGTTCCGCCGCCTCTACATTATCTTCTCCCGGTACATGAGAATCAACTCACTGAGCTTCCTCGGTGGCGGATTGGAAGTTTTGTTTCAAGGTCCAGGAAGTGGTACCGAGCTCAACTTCAAGGAGTGGCAAAAGGCCTTTACCGATATGATGTGAAGCCTTGAAGGGTTTTCAGATCCAAGGAACAAAGGGGAAAATAGACAAAGGAGTGCAGAGGACCTGGCCTGGCACTGGCTTATTTACCTGAGCTCAAGGAGATCC,AAAACCCTTCAAGGCTTCAG,mNGplate11_sorted_B5_PIGL-C
TTTTAGCTCCAGCACCTGCCTTCTTGGAGTGGGGAAGAATCTTAAAGGGCAAGGGATTTCTGGTTCCTTAAGAGATCAACTGTCTACACTCACTCACACCTCCTGTCCTGCAGCCATGGCCATGCAGAAAATCTTTGCCCGGGAAATCTTGGACTCCAGGGGCAACCCCACGGTGGAGGTGGACCTGCACACGGCCAAGGGTAACACAAGGCCCATTGGATAGGCTCGCCTCCGAAGACCCCAACCCTTT,TTTTAGCTCCAGCACCTGCCTTCTTGGAGTGGGGAAGAATCTTAAAGGGCAAGGGATTTCTGGTTCCTTAAGAGATCAACTGTCTACACTCACTCACACCTCCTGTCCTGCAGCCATGACCGAGCTCAACTTCAAGGAGTGGCAAAAGGCCTTTACCGATATGATGGGTGGCGGATTGGAAGTTTTGTTTCAAGGTCCAGGAAGTGGTGCAATGCAGAAAATCTTTGCCCGGGAAATCTTGGACTCCAGGGGCAACCCCACGGTGGAGGTGGACCTGCACACGGCCAAGGGTAACACAAGGCCCATTGGATAGGCTCGCCTCCGAAGACCCCAACCCTTT,CCGGGCAAAGATTTTCTGCA,mNGplate11_sorted_B6_ENO3-N
CGGCTGGGCTGCAGAGTCCCCGCCCCCGGCCGGCCCCTGTCGCCCGCGCCTCCCTCCCTCGGGCCTCGGAAGTGACGCAAGCGCCCCCCCACCGCCGCTAGATCCGCTGCTGCTGCCGCGGCGGGCAGACCTGCAGGAGGCGGCGGCGGCGGCGGCGGCCGAGGCTGAAGGAAGATGGCGGACGGCGTGGACCACATAGACATTTACGCGGATGTCGGCGAAGAGTTCAACCAGGTACGTGAGAGCCCAGGTCCCCGCCGCCGACGCGGGCGGCGCTGCGGCCGGGAAGCTGACCCGGGGC,CGGCTGGGCTGCAGAGTCCCCGCCCCCGGCCGGCCCCTGTCGCCCGCGCCTCCCTCCCTCGGGCCTCGGAAGTGACGCAAGCGCCCCCCCACCGCCGCTAGATCCGCTGCTGCTGCCGCGGCGGGCAGACCTGCAGGAGGCGGCGGCGGCGGCGGCGGCCGAGGCTGAAGGAAGATGACCGAGCTCAACTTCAAGGAGTGGCAAAAGGCCTTTACCGATATGATGGGTGGCGGATTGGAAGTTTTGTTTCAAGGTCCAGGAAGTGGTGCGGACGGCGTCGACCACATAGACATTTACGCGGATGTCGGCGAAGAGTTCAACCAGGTACGTGAGAGCCCAGGTCCCCGCCGCCGACGCGGGCGGCGCTGCGGCCGGGAAGCTGACCCGGGGC,AAGGAAGATGGCGGACGGCG,mNGplate11_sorted_B7_CPSF6-N
GGCGGAGGACGTGATGCGGCGCGGGCTGGGCATGGAGGCCTGGTGGGGGAGGGGAGGGGAGGCGTGTGTGTCGGCCGGGGCCACTAGGCGCTCACTGTTCTCTCCCTCCGCGCAGCCGAGCCACATCGCTCAGACACCATGGGGAAGGTGAAGGTCGGAGTCAACGGGTGAGTTCGCGGGTGGCTGGGGGGCCCTGGGCTGCGACCGCCCCCGAACCGCGTCTACGAGCCTTGCGGGCTCCGGGTCTTTGCAGTCGTATGGGGGCAGG,GGCGGAGGACGTGATGCGGCGCGGGCTGGGCATGGAGGCCTGGTGGGGGAGGGGAGGGGAGGCGTGTGTGTCGGCCGGGGCCACTAGGCGCTCACTGTTCTCTCCCTCCGCGCAGCCGAGCCACATCGCTCAGACACCATGACCGAGCTCAACTTCAAGGAGTGGCAAAAGGCCTTTACCGATATGATGGGTGGCGGATTGGAAGTTTTGTTTCAAGGTCCAGGAAGTGGTGGGAAGGTGAAGGTCGGAGTCAACGGGTGAGTTCGCGGGTGGCTGGGGGGCCCTGGGCTGCGACCGCCCCCGAACCGCGTCTACGAGCCTTGCGGGCTCCGGGTCTTTGCAGTCGTATGGGGGCAGG,TCGCTCAGACACCATGGGGA,mNGplate11_sorted_B8_GAPDH-N
AGTGGCCAGAGGTTTTAAAATGTGTATTAAATTTCATGGGTATGCACAGTAGAGAAGGCATCCTCACAGAGGCAAGAGTTCCAACCTGGTGACAATGGCAGTGAGCCACCCGTCTAGTTTTCAACCATCTAAGATAGCAGCAGCTGGCTGTTGCCCCTGGACTGAGATTTCTTCCTCTTTGCTGGTGGGGGGCGGCTGGAACGGATGGGAGACACAGTGGGAGGCTGAGGCCCCTTGGGGGTATCATTCTGTTTCTGGA,AGTGGCCAGAGGTTTTAAAATGTGTATTAAATTTCATGGGTATGCACAGTAGAGAAGGCATCCTCACAGAGGCAAGAGTTCCAACCTGGTGACAATGGCAGTGAGCCACCCGTCTAGTTTTCAACCATCTACATCATATCGGTAAAGGCCTTTTGCCACTCCTTGAAGTTGAGCTCGGTACCACTTCCTGGACCTTGAAACAAAACTTCCAATCCGCCACCAGATAGCAGCAGCTGGCTGTTGCCCCTGGACTGAGATTTCTTCCTCTTTGCTGGTGGGGGGCGGCTGGAACGGATGGGAGACACAGTGGGAGGCTGAGGCCCCTTGGGGGTATCATTCTGTTTCTGGA,CCAGCTGCTGCTATCTTAGA,mNGplate11_sorted_B9_NOP2-C
GAGCCCAAATTCACATATTGAAGAAGATCAAAGCAAACTGTGATCCATGTACATGGATGAAAACTAAAGGCTCGAGTTAATCACATTGTAGTTTTTAAATTTCTACAGCCTAGAGCTCACTAGTCACAGGTCTTTTAGGTCCTTCTGGATGTCCCACAGGGTATCTGCACTTTTCTTGAGCTGAGCAACCTCATCATCCTTTAGCTTCTGGTTGATAACGCTGGTTAATCCCCGGGCATTGAGGATACATGGAAGGCT,GAGCCCAAATTCACATATTGAAGAAGATCAAAGCAAACTGTGATCCATGTACATGGATGAAAACTAAAGGCTCGAGTTAATCACATTGTAGTTTTTAAATTTCTACAGCCTAGAGCTCACTAGTCACATCATATCGGTAAAGGCCTTTTGCCACTCCTTGAAGTTGAGCTCGGTACCACTTCCTGGACCTTGAAACAAAACTTCCAATCCGCCACCCAGGTCTTTTAGGTCCTTCTGGATGTCCCACAGGGTATCTGCACTTTTCTTGAGCTGAGCAACCTCATCATCCTTTAGCTTCTGGTTGATAACGCTGGTTAATCCCCGGGCATTGAGGATACATGGAAGGCT,GCCTAGAGCTCACTAGTCAC,mNGplate11_sorted_B10_LDHB-C
GCGGGGCGAAGGCTGGGCTGGGGGAAGAGGCGTGGCGGCGCTGTGCGCGTGCACAAAAGAGAGCTGAGGGGCGGGGGCGCTGCGGCACAGCTGGTTTGAGCAACTGAACTGGAAACAAGATGCAGGTGAGCTAGGACGGGTCTCGGGTCTGGGGGCTGCGGCCCGTTCCTTTGTCTCGTTAGGCCCGGGCGGGCAGTGGACGCCCGCCCTGGGGGAAGCTCCGGCGCCGCAGGCACGAGGGAGGCCCGGCGCGTCCAGGCCCTGCGCAGGCGCAGTGCGGGAGGCGGGCGTGGTCCCACCAGGACCCACG,GCGGGGCGAAGGCTGGGCTGGGGGAAGAGGCGTGGCGGCGCTGTGCGCGTGCACAAAAGAGAGCTGAGGGGCGGGGGCGCTGCGGCACAGCTGGTTTGAGCAACTGAACTGGAAACAAGATGACCGAGCTCAACTTCAAGGAGTGGCAAAAGGCCTTTACCGATATGATGGGTGGCGGATTGGAAGTTTTGTTTCAAGGTCCAGGAAGTGGTCAGGTGAGCTAGGACGGCTCTCGGGTCTGGGGGCTGCGGCCCGTTCCTTTGTCTCGTTAGGCCCGGGCGGGCAGTGGACGCCCGCCCTGGGGGAAGCTCCGGCGCCGCAGGCACGAGGGAGGCCCGGCGCGTCCAGGCCCTGCGCAGGCGCAGTGCGGGAGGCGGGCGTGGTCCCACCAGGACCCACG,AGATGCAGGTGAGCTAGGAC,mNGplate11_sorted_B11_PDCL3-N
TGCAAATTTTCTAATTGTGTTTCATTTCAATCCTCTTTTTAGGGATTAGAAAGTTATGTGGCAGATAAAGAATTCCATGCACCTCTAATCATCGATGAGAATGGAGTTCATGAGCTGGTGAAAAATGGTATTTGAACCAGATACCAAGTTTTGTTTGCCACGATAGGAATAGCTTTTATTTTTGATAGACCAACTGTGAACCTACAAGACGTCTTGGACAACTGAAGTTTAAATATCCACAGGGTTTTATTTTGCTT,TGCAAATTTTCTAATTGTGTTTCATTTCAATCCTCTTTTTAGGGATTAGAAAGTTATGTGGCAGATAAAGAATTCCATGCACCTCTAATCATCGATGAGAATGGAGTTCATGAGCTGGTGAAAAATGGTATTCATCATATCGGTAAAGGCCTTTTGCCACTCCTTGAAGTTGAGCTCGGTACCACTTCCTGGACCTTGAAACAAAACTTCCAATCCGCCACCTGAAGGAGATACCAAGTTTTGTTTGCCACGATAGGAATAGCTTTTATTTTTGATAGACCAACTGTGAACCTACAAGACGTCTTGGACAACTGAAGTTTAAATATCCACAGGGTTTTATTTTGCTT,GGCAAACAAAACTTGGTATC,mNGplate11_sorted_B12_UAP1-C
AGTGGCTCACATTCAAGACTCAAGTTTATTTTTTAAAAGATCTCTTCTGCATTAGATTCTAGGTTTCTTTTTTGGTTTCAAAACTGGGTCTACAATCCATAAAAATGACATTAATGGAGATCTTAAAAACAATCTGATTATACCAGCAGTTTGGTAACATATCGGTAGAGCTGTTCTGTAAATGCTTCAGGGGAAAATTTTTCCTTCACTCTGGCTCTTCCAGCCAGGCCCATGGTGGCTTTTAAGGAAGGTT,AGTGGCTCACATTCAAGACTCAAGTTTATTTTTTAAAAGATCTCTTCTGCATTAGATTCTAGGTTTCTTTTTTGGTTTCAAAACTGGGTCTACAATCCATAAAAATGACATTAATGGAGATCTTAAAAACAATCTGATTACATCATATCGGTAAAGGCCTTTTGCCACTCCTTGAAGTTGAGCTCGGTACCACTTCCTGGACCTTGAAACAAAACTTCCAATCCGCCACCTACTAATAATTTGGTAACATATCGGTAGAGCTGTTCTGTAAATGCTTCAGGGGAAAATTTTTCCTTCACTCTGGCTCTTCCAGCCAGGCCCATGGTGGCTTTTAAGGAAGGTT,CCGATATGTTACCAAACTGC,mNGplate11_sorted_C1_ALG2-C
CACCGTGCATTTCAGCCACAGATCACATGGCCCCTCCGCGGGCCCAGCCCACGCCCTGACCGCCCGGCCTGGCCAGGTCTCCGTATCTCTCTGCCCCGCCGCCCCTTCCCAACTGCGGACATGCTGGGTGGATCCGGATCGCATGGAAGACGCAGCCTGGCCGCGCTCTCCCAGTGAGTCCTCATTTCGTCTCTTTGGTTTTTTCCTTTCTTTTTTTTTTTTATAAAAAACAAACGAATTGTTGTAAAAA,CACCGTGCATTTCAGCCACAGATCACATGGCCCCTCCGCGGGCCCAGCCCACGCCCTGACCGCCCGGCCTGGCCAGGTCTCCGTATCTCTCTGCCCCGCCGCCCCTTCCCAACTGCGGACATGACCGAGCTCAACTTCAAGGAGTGGCAAAAGGCCTTTACCGATATGATGGGTGGCGGATTGGAAGTTTTGTTTCAAGGTCCAGGAAGTGGTCTGGGTGGATCCGGATCGCATGGAAGACGCAGCCTGGCCGCGCTCTCCCAGTGAGTCCTCATTTCGTCTCTTTGGTTTTTTCCTTTCTTTTTTTTTTTTATAAAAAACAAACGAATTGTTGTAAAAA,TTCCCAACTGCGGACATGCT,mNGplate11_sorted_C2_CALD1-N
TCTTAACAAACAGCTGCCCCAGCCACCCCAGCTCTGCCTGAATTAATTGAACCCAGTGTGTGTTGTTATTGTTAATTTACATTTTTCTTTGTTTTGAATCTGGTTTACAGGCTGAAGGAATATCATCGTCTCCAGAGCAAGGTCACTGCCAAATAGACCCGTGTACAATGAGGAGCTGGGGCCTCCTCAATTTGCAGATCCCCCAAGTACAGGCGCTAATTGTTGTGATAATTTGTAATTGTGACTTGTTCTCCCCGGCT,TCTTAACAAACAGCTGCCCCAGCCACCCCAGCTCTGCCTGAATTAATTGAACCCAGTGTGTGTTGTTATTGTTAATTTACATTTTTCTTTGTTTTGAATCTGGTTTACAGGCTGAAGGAATATCATCGTCTCCAGAGCAAGGTCACTGCCAAAGGTGGCGGATTGGAAGTTTTGTTTCAAGGTCCAGGAAGTGGTACCGAGCTCAACTTCAAGGAGTGGCAAAAGGCCTTTACCGATATGATGTAGACCCGTGTACAATGACCAGCTGGGGCCTCCTCAATTTGCAGATCCCCCAAGTACAGGCGCTAATTGTTGTGATAATTTGTAATTGTGACTTGTTCTCCCCGGCT,AAATAGACCCGTGTACAATG,mNGplate11_sorted_C3_ASS1-C
AGGATGCCCAGGAAGTAGAATTGCAGGAAGGAAAAGTGCACAGTGAATCAGATAAAGCGATCACACCCCAAGCACAGGAGGAGTTACAGAAACAAGAGAGAGAATCTGCAAAGTCAGAACTTACAGAATCTTAAAACATCATGCAGGTAAGCTTCCTTGTCTTCTAAGATAATTTTTCTCTTTTATGCCAATAGATGGCAAATTTGTTACATAAGGAATCGGGAGCAAATAATTAATGCCTTCGTGTAGAACCTTCAGT,AGGATGCCCAGGAAGTAGAATTGCAGGAAGGAAAAGTGCACAGTGAATCAGATAAAGCGATCACACCCCAAGCACAGGAGGAGTTACAGAAACAAGAGAGAGAATCTGCAAAGTCAGAACTTACAGAATCTGGTGGCGGATTGGAAGTTTTGTTTCAAGGTCCAGGAAGTGGTACCGAGCTCAACTTCAAGGAGTGGCAAAAGGCCTTTACCGATATGATGTAAAACATCATGCAGGTAAGCTTCCTTGTCTTCTAAGATAATTTTTCTCTTTTATGCCAATAGATGGCAAATTTGTTACATAAGGAATCGGGAGCAAATAATTAATGCCTTCGTGTAGAACCTTCAGT,AGAATCTTAAAACATCATGC,mNGplate11_sorted_C4_AKAP12-C
ATCTTTACCAAGCCTATGGGAGCCCCGCCCCAAACGCACCGAACCTCCTCTGAGTCCTGCTCATCTTCCTCTGACTCCGAGTCGCCCCGGCGGCGACGGAAAATCTTCCGGACGACCGGCATGGTGACAACGGCCGAGTTGTACAGCCGCCGCGCCTCTGCGCAGCGGCCCAGGCTGCTTCCGGCGCGCGGCAGAGCGGTCAGAGCGCCTGCCCCGTCTGGCCCCGCCCCCGGCACGCACAGTCCGCGTGGCCACGCCCCCTCTCCTGGCGTCAGCCTCTTCCGATTGGA,ATCTTTACCAAGCCTATGGGAGCCCCGCCCCAAACGCACCGAACCTCCTCTGAGTCCTGCTCATCTTCCTCTGACTCCGAGTCGCCCCGGCGGCGACGGAAAATCTTCCGGACGACCGGACCACTTCCTGGACCTTGAAACAAAACTTCCAATCCGCCACCCATCATATCGGTAAAGGCCTTTTGCCACTCCTTGAAGTTGAGCTCGGTCATGGTGACAACGGCCGAGTTGTACAGCCGCCGCGCCTCTGCGCAGCGGCCCAGGCTGCTTCCGGCGCGCGGCAGAGCGGTCAGAGCGCCTGCCCCGTCTGGCCCCGCCCCCGGCACGCACAGTCCGCGTGGCCACGCCCCCTCTCCTGGCGTCAGCCTCTTCCGATTGGA,AATCTTCCGGACGACCGGCA,mNGplate11_sorted_C5_C9orf78-N
GCCCTTTTAGCACTATAAAATCCAATGTTTTGAATTTTTTTTTTTTTTGCTCAGCAATACAGTTGCATTTTACAACTTTTATAATCCTGAAGAGATTCTCTTATTTGGAGTTTTTTCATGCATTCAGGTATTTAGCATGATGTCTGATGTGGTCAGTAATAAAGGTTGCAATGAAGTAGTAGCTATGATCATAACCCTAGAAGATAAAGAGATGATAAGACATTTATCTACCATTCAGGAACATCAGTATTAGG,GCCCTTTTAGCACTATAAAATCCAATGTTTTGAATTTTTTTTTTTTTTGCTCAGCAATACAGTTGCATTTTACAACTTTTATAATCCTGAAGAGATTCTCTTATTTGGAGTTTTTTCACATCATATCGGTAAAGGCCTTTTGCCACTCCTTGAAGTTGAGCTCGGTACCACTTCCTGGACCTTGAAACAAAACTTCCAATCCGCCACCTGCATTCAGGTATTTAGCATGATGTCTGATGTGGTCAGTAATAAAGGTTGCAATGAAGTAGTAGCTATGATCATAACCCTAGAAGATAAAGAGATGATAAGACATTTATCTACCATTCAGGAACATCAGTATTAGG,TGGAGTTTTTTCATGCATTC,mNGplate11_sorted_C6_ESD-C
CATTGTCCTCGCTTGTCTATCACAAGGGTATTAAAACCACCATCTTCTCTTTATGGTCCACAGGTCGAGTTTGAGTGGCTGAGGCAGTTTTGGTTTCAAGGCAATCGATACAGAAAGTGCACTGACTGGTGGTGTCAACCCATGGCTCAACTGGAAGCACTGTGGAAGAAGATGGAGGGTGTGGTAAGTCCATCAGACCTGGGACCGTGTTTTCTGGGCTGCTGTGTTATACAAATCCTCCACTGCCTCA,CATTGTCCTCGCTTGTCTATCACAAGGGTATTAAAACCACCATCTTCTCTTTATGGTCCACAGGTCGAGTTTGAGTGGCTGAGGCAGTTTTGGTTTCAAGGCAATCGATACAGAAAGTGCACTGACTGGTGGTGTCAACCCATGACCGAGCTCAACTTCAAGGAGTGGCAAAAGGCCTTTACCGATATGATGGGTGGCGGATTGGAAGTTTTGTTTCAAGGTCCAGGAAGTGGTGCTCAACTGGAAGCACTGTGGAAGAAGATGGAGGGTGTGGTAAGTCCATCAGACCTGGGACCGTGTTTTCTGGGCTGCTGTGTTATACAAATCCTCCACTGCCTCA,AGTGCTTCCAGTTGAGCCAT,mNGplate11_sorted_C7_FTO-N
TCCTAGACCAGGAGTTCTCAGGTTTTTGGCCAGCCCCCGGATACATGGCCCTTTCTGATACTCCGACTTCTTTCGGCCCACGTTCACAAAGTTTTCCGTCGAATACCTGAAACCTTTCGACCGCTTCGACCCACTTACCTCATGGCGCCTTAAAACACGAACAATGGAGGCCGCACCAACCGCCCCTTCCTCTGAGTAGCAGACAACTGAAGAGGCGTCTTGCCGGCGTGTCCCAATAAAACCCGGTGCGAT,TCCTAGACCAGGAGTTCTCAGGTTTTTGGCCAGCCCCCGGATACATGGCCCTTTCTGATACTCCGACTTCTTTCGGCCCACGTTCACAAAGTTTTCCGTCGAATACCTGAAACCTTTCGACCGCTTCGACCCACTTACACCACTTCCTGGACCTTGAAACAAAACTTCCAATCCGCCACCCATCATATCGGTAAAGGCCTTTTGCCACTCCTTGAAGTTGAGCTCGGTCTCATGGCGCCTTAAAACACGAACAATGGAGGCCGCACCAACCGCCCCTTCCTCTGAGTAGCAGACAACTGAAGAGGCGTCTTGCCGGCGTGTCCCAATAAAACCCGGTGCGAT,TCGTGTTTTAAGGCGCCATG,mNGplate11_sorted_C8_ILF2-N
CTTAGCAAGGTGGCAAGTTTGTTTGAAAACACAAAACACAATCACCACCACCGCTCAATAATACACATACATAAACAGATTCGAAGCTGTGTTAAGCACAAAAATCCTTACCCCATTTTGCCCAATGAAAACTTGCTCTGAAGTTTCAGCTCTTATGCTACGGAATAACTTCCAAAGGAATTTCTCCGTCTGCTATTTCGCAGTTGCTTTTCCACCCCCACCCCCAGATCCTTGTCCGGAGGTATTTCAAGGATGCT,CTTAGCAAGGTGGCAAGTTTGTTTGAAAACACAAAACACAATCACCACCACCGCTCAATAATACACATACATAAACAGATTCGAAGCTGTGTTAAGCACAAAAATCCTTACCCACCACTTCCTGGACCTTGAAACAAAACTTCCAATCCGCCACCCATCATATCGGTAAAGGCCTTTTGCCACTCCTTGAAGTTGAGCTCGGTCATTTTGCCCAATGAAAACTTGCTCTGAAGTTTCAGCTCTTATGCTACGGAATAACTTCCAAAGGAATTTCTCCGTCTGCTATTTCGCAGTTGCTTTTCCACCCCCACCCCCAGATCCTTGTCCGGAGGTATTTCAAGGATGCT,AGTTTTCATTGGGCAAAATG,mNGplate11_sorted_C9_HOMER1-N
CGCTGTGGCCAGGGTCGGGCTCGAGCTGAGGCAGTCTGAGCCCGCGGGGCCGCCGCCGCCCCCTCCCTCGTCCTCGGCGTCCTCGCTGCTGCTGCTGCCGCCGCCGCGGCCTCCGCATTCCGACATTACATGCTCCCAGTCGCCGGCTTTATACCGCCGCCGCCGCCTCGGGCCCGAAGGCCCGGCCCGGCCCGTTGCTCCCCAATCCCGCAGCTCGCCGCACCCGCTAACCCGGACGCTCCACGTCAGCCGCGCCGCCGCCGCGGGGTCCGCCCCACCTCACACCCCAGAGCACGCAG,CGCTGTGGCCAGGGTCGGGCTCGAGCTGAGGCAGTCTGAGCCCGCGGGGCCGCCGCCGCCCCCTCCCTCGTCCTCGGCGTCCTCGCTGCTGCTGCTGCCGCCGCCGCGGCCTCCGCATTCCGAACCACTTCCTGGACCTTGAAACAAAACTTCCAATCCGCCACCCATCATATCGGTAAAGGCCTTTTGCCACTCCTTGAAGTTGAGCTCGGTCATTACAAGCTCCCAGTCGCCGGCTTTATACCGCCGCCGCCGCCTCGGGCCCGAAGGCCCGGCCCGGCCCGTTGCTCCCCAATCCCGCAGCTCGCCGCACCCGCTAACCCGGACGCTCCACGTCAGCCGCGCCGCCGCCGCGGGGTCCGCCCCACCTCACACCCCAGAGCACGCAG,CGACTGGGAGCATGTAATGT,mNGplate11_sorted_C10_TXNDC11-N
GGCTTGCCCATGTGTGCTGCAGCCGTCAGCCGGCCCAGCTGAGCAGCAGCAACGGACCTTGTTAACGGCGCGGCAGCCTCCACCGCCTGCTGTTGCCCTCCTCTCTCGGTGGTCTGTCCGCCCAGCGCACGTCACCATGGGCAAGAGCCGGACGAAGCGCTTCAAGCGACCTCAGTTCTCCCCTACGGGCGACTGTCAGGCCGAGGCGGCTGCGGCGGCGAATGGGACCGGAGGCGAGGAGGACGACGGGCCGGCGGCGGAGCTGCTGGAAAAGGTGAGGCGAGGG,GGCTTGCCCATGTGTGCTGCAGCCGTCAGCCGGCCCAGCTGAGCAGCAGCAACGGACCTTGTTAACGGCGCGGCAGCCTCCACCGCCTGCTGTTGCCCTCCTCTCTCGGTGGTCTGTCCGCCCAGCGCACGTCACCATGACCGAGCTCAACTTCAAGGAGTGGCAAAAGGCCTTTACCGATATGATGGGTGGCGGATTGGAAGTTTTGTTTCAAGGTCCAGGAAGTGGTGGCAAGAGCCGGACGAAGCGCTTCAAGCGACCTCAGTTCTCCCCTACGGGCGACTGTCAGGCCGAGGCGGCTGCGGCGGCGAATGGGACCGGAGGCGAGGAGGACGACGGGCCGGCGGCGGAGCTGCTGGAAAAGGTGAGGCGAGGG,CGCCCAGCGCACGTCACCAT,mNGplate11_sorted_C11_HEATR3-N
CTGAATGTGGAAGAAACCTACTTGACAGTGTTGGTGAAAATAGGGCCAGGATTTCACACCCGTGAATGCTTTTTACTGAAAAGTATTTTGTGTTTTTCTCCCAGTTACAGAATGTCTGAAGGGGACAGTGTGGGAGAATCCGTCCATGGGAAACCTTCGGTGGTGTACAGATTTTTCACAAGACTTGGACAGGTTGGTGGGTTTTTTAGTAGATGAGTATAAATATTTGAAAAAGAAACGGGACTCCCAG,CTGAATGTGGAAGAAACCTACTTGACAGTGTTGGTGAAAATAGGGCCAGGATTTCACACCCGTGAATGCTTTTTACTGAAAAGTATTTTGTGTTTTTCTCCCAGTTACAGAATGACCGAGCTCAACTTCAAGGAGTGGCAAAAGGCCTTTACCGATATGATGGGTGGCGGATTGGAAGTTTTGTTTCAAGGTCCAGGAAGTGGTTCTGAAGGGGACAGTGTGGGAGAATCCGTCCATGGGAAACCTTCGGTGGTGTACAGATTTTTCACAAGACTTGGACAGGTTGGTGGGTTTTTTAGTAGATGAGTATAAATATTTGAAAAAGAAACGGGACTCCCAG,CCCAGTTACAGAATGTCTGA,mNGplate11_sorted_C12_RER1-N
CCCTCCTCGGGGCGGAGGGAAGCCGTGAAGGGGGAGGGAGGGCTCGGTGTCAATTTTTTTTTGTGTGGCTGCGGCCGTAGCCTGTGGCGGGCAAGCGGGGAGACCCCGGCGCAGCAGAACCATGGATGGCCCGACGCGGGGCCATGGACTCCGCAAAAAGCGGCGGTCGCGGTCGCAGCGAGACCGGGAGAGGCGCTCCCGGGGCGGGCTGGGGGCCGGCGCGGCCGGCGGCGGCGGGGCTGGCCGGACCCGGGCGCTCTCACTCGCCTCGTCGTCGGGCTCCGACAAGGAAGACAATGGGA,CCCTCCTCGGGGCGGAGGGAAGCCGTGAAGGGGGAGGGAGGGCTCGGTGTCAATTTTTTTTTGTGTGGCTGCGGCCGTAGCCTGTGGCGGGCAAGCGGGGAGACCCCGGCGCAGCAGAACCATGACCGAGCTCAACTTCAAGGAGTGGCAAAAGGCCTTTACCGATATGATGGGTGGCGGATTGGAAGTTTTGTTTCAAGGTCCAGGAAGTGGTGATGGCCCGACGCGGGGCCATGGACTCCGCAAAAAGCGGCGGTCGCGGTCGCAGCGAGACCGGGAGAGGCGCTCCCGGGGCGGGCTGGGGGCCGGCGCGGCCGGCGGCGGCGGGGCTGGCCGGACCCGGGCGCTCTCACTCGCCTCGTCGTCGGGCTCCGACAAGGAAGACAATGGGA,CGGCGCAGCAGAACCATGGA,mNGplate11_sorted_D1_AUTS2-N
TGCAGATAATCATTTCATCTCCATATAATGATCATTTATGTTTTCCTGTCTTTCATGTATGCAAATTAGTTCCCTTAACTAATGGCATTAAATTTGTTGATTTTTCTTTCATAGAAGAGCTGGATATTCTTTCGCCCAGTTATGGCAGACAAGTTAACGAGAATTGCTATTGTCAACCATGACAAATGTAAACCTAAGAAATGTCGACAGGAATGCAAAAAGAGTTGTCCTGTAGTTCGAATGGGTAAGC,TGCAGATAATCATTTCATCTCCATATAATGATCATTTATGTTTTCCTGTCTTTCATGTATGCAAATTAGTTCCCTTAACTAATGGCATTAAATTTGTTGATTTTTCTTTCATAGAAGAGCTGGATATTCTTTCGCCCAGTTATGACCGAGCTCAACTTCAAGGAGTGGCAAAAGGCCTTTACCGATATGATGGGTGGCGGATTGGAAGTTTTGTTTCAAGGTCCAGGAAGTGGTGCAGACAAGTTAACGAGAATTGCTATTGTCAACCATGACAAATGTAAACCTAAGAAATGTCGACAGGAATGCAAAAAGAGTTGTCCTGTAGTTCGAATGGGTAAGC,GTTAACTTGTCTGCCATAAC,mNGplate11_sorted_D2_ABCE1-N
GTGAACATTTGGATGAAACAGGGTCTTTGTGCTGTGTAAAAGAAAGCATTTTAGAATAATTGTCAGTACTTTAAAAAATTAAAATAATATTTCTTCCATCATTATAGCCACAGAATGAATATATTGAATTACACCGTAAACGCTATGGATACCGTTTGGATTACCATGAGAAAAAGAGAAAGAAGGAAAGTCGAGAGGCTCATGAACGTTCAAAGAAGGCAAAGAAAATGATTGGTCTGAAGGCTAAGCT,GTGAACATTTGGATGAAACAGGGTCTTTGTGCTGTGTAAAAGAAAGCATTTTAGAATAATTGTCAGTACTTTAAAAAATTAAAATAATATTTCTTACATCATTATAGCCACAGACCGAGCTCAACTTCAAGGAGTGGCAAAAGGCCTTTACCGATATGATGGGTGGCGGATTGGAAGTTTTGTTTCAAGGTCCAGGAAGTGGTAATGAATATATTGAATTACACCGTAAACGCTATGGATACCGTTTGGATTACCATGAGAAAAAGAGAAAGAAGGAAAGTCGAGAGGCTCATGAACGTTCAAAGAAGGCAAAGAAAATGATTGGTCTGAAGGCTAAGCT,TCATTCTGTGGCTATAATGA,mNGplate11_sorted_D3_NSA2-N
TGATTGATGAGGAGAGTGGACATGAAGGCGGCAGGCCTGCTCCAAGGTCCAGAGAGCTTGCTGGTCTTTGCAGCGTGCACACACAGCGCGCGAGGAAGGCGCCACATACTGAGCCCGGGACTCGGGATGAGCCCAAGGCCCTGAGAGCTGCTGAAATAGAGCCCCGCCCCCCGCCCGGGAGAACCCATTGGGCAGACCCGACCCCTCCCACTGGGCACGACCCCGCCACCGCCCCGTCTGCCCCTGGTCTTCCGGAGGAG,TGATTGATGAGGAGAGTGGACATGAAGGCGGCAGGCCTGCTCCAAGGTCCAGAGAGCTTGCTGGTCTTTGCAGCGTGCACACACAGCGCGCGAGGAAGGCGCCAACCACTTCCTGGACCTTGAAACAAAACTTCCAATCCGCCACCCATCATATCGGTAAAGGCCTTTTGCCACTCCTTGAAGTTGAGCTCGGTCATACTGAGCCCGGGACTCGGGATGAGCCCAAGGCCCTGAGAGCTGCTGAAATAGAGCCCCGCCCCCCGCCCGGGAGAACCCATTGGGCAGACCCGACCCCTCCCACTGGGCACGACCCCGCCACCGCCCCGTCTGCCCCTGGTCTTCCGGAGGAG,CGAGTCCCGGGCTCAGTATG,mNGplate11_sorted_D4_ALDH7A1-N
GCCCGGGGCTTTGGGTTGCGGCGGCTGGTGCCGCGCCCGCTCAGCAGGCCCCGCTCCGTTCGGGAAACCGCCGCCCTCAGGCCCGCCCCCTCCGCGGCCCAGGCCCCGGCTCCGGCCCCGACCAGCACCTGGGGCCCGATCGAAACCGTCCGACATGCTCCTCCTCCTCCGCCTCCTCCTCCAGGGGCCGCTGCCGCTGCGCTCGCGATAGGACGCGGGGGGAAGGCGCCGCGGGTCGGCTATAGCCGCCGCGCCTCACTCGGGCCTCATGGAGG,GCCCGGGGCTTTGGGTTGCGGCGGCTGGTGCCGCGCCCGCTCAGCAGGCCCCGCTCCGTTCGGGAAACCGCCGCCCTCAGGCCCGCCCCCTCCGCGGCCCAGGCCCCGGCTCCGGCCCCGACCAGCACCTGGGGCCCGATCGAAACCGTCCGAACCACTTCCTGGACCTTGAAACAAAACTTCCAATCCGCCACCCATCATATCGGTAAAGGCCTTTTGCCACTCCTTGAAGTTGAGCTCGGTCATGCTCCTCCTCCTCCGCCTCCTCCTCCAGGGGCCGCTGCCGCTGCGCTCGCGATAGGACGCGGGGGGAAGGCGCCGCGGGTCGGCTATAGCCGCCGCGCCTCACTCGGGCCTCATGGAGG,AGGAGGAGGAGCATGTCGGA,mNGplate11_sorted_D5_PAIP1-N
GGAAGGAGTTTATGATCTCCCCCTAAAGAATTGTGGGTGCTGTAGCAGGTGGCTGGAGGTTTGTCTCCCGCCCTTCTCACCTTCAGTCTGGTCTCTCCTTCCCCACAGGTGTGTCCAGCATCATGGCCTCCTCCCAGTAACTTCAGGTGTTTAATAAAGATGTGTTGACTCAGCCCTACTGTCTCCTCCCTGGCTTCCTGCCTCTGCCCCTTGCCCACCAGAGGGAGCTCAGGAGCAGGCCTCTGCTCTGGGTT,GGAAGGAGTTTATGATCTCCCCCTAAAGAATTGTGGGTGCTGTAGCAGGTGGCTGGAGGTTTGTCTCCCGCCCTTCTCACCTTCAGTCTGGTCTCTCCTTCCCCACAGGTGTGTCCAGCATCATGGCCTCCTCCCAGGGTGGCGGATTGGAAGTTTTGTTTCAAGGTCCAGGAAGTGGTACCGAGCTCAACTTCAAGGAGTGGCAAAAGGCCTTTACCGATATGATGTAACTTCAGGTGTTTAATAAAGATGTGTTGACTCAGCCCTACTGTCTCCTCCCTGGCTTCCTGCCTCTGCCCCTTGCCCACCAGAGGGAGCTCAGGAGCAGGCCTCTGCTCTGGGTT,GGCCTCCTCCCAGTAACTTC,mNGplate11_sorted_D6_EIF3K-C
CTGCCACGCCCAAGAAAGCCAAAAAACCCAAGACTGTCAAAGCCAAGCCGGTCAAGGCATCCAAGCCCAAAAAGGCCAAACCAGTGAAACCCAAAGCAAAGTCCAGTGCCAAGAGGGCCGGCAAGAAGAAGTGACAATGAAGTCTTTTCTTGCGGACACTCCCTCCTGTCTCCTATTTTCTGTAAATAATTTTCTCCTTTTTTCTCTCTTGATGCTCACCACCACCTTTTGCCCCCTTCTGTTCTGACTTTATAAGA,CTGCCACGCCCAAGAAAGCCAAAAAACCCAAGACTGTCAAAGCCAAGCCGGTCAAGGCATCCAAGCCCAAAAAGGCCAAACCAGTGAAACCCAAAGCAAAGTCCAGTGCCAAGAGGGCAGGCAAGAAGAAGGGTGGCGGATTGGAAGTTTTGTTTCAAGGTCCAGGAAGTGGTACCGAGCTCAACTTCAAGGAGTGGCAAAAGGCCTTTACCGATATGATGTGACAATGAAGTCTTTTCTTGCGGACACTCCCTCCTGTCTCCTATTTTCTGTAAATAATTTTCTCCTTTTTTCTCTCTTGATGCTCACCACCACCTTTTGCCCCCTTCTGTTCTGACTTTATAAGA,TCATTGTCACTTCTTCTTGC,mNGplate11_sorted_D7_H1F0-C
AGTGTCCTGATCTGCTCATGAAATCCTTCTATGGGGGAAGCTGTGGGGCAGATTCCTTAAGCGACCCTTTGGGACAACTCTTATCAGGGAGGAGCGAACTGCTCATTTCTGCCTACTTCTTTCCCTTCTGCTTCATGTGTACTACAAAATAGTCATTGCATGCAATGGTGAGGCCCGCAATTAGGGAAAAGAAGCTCTGGAAGCCCACTTTGCCATCTCTACACTGGTCCAGGTCCTTCATTATTTTGTCCACAGCCAGA,AGTGTCCTGATCTGCTCATGAAATCCTTCTATGGGGGAAGCTGTGGGGCAGATTCCTTAAGCGACCCTTTGGGACAACTCTTATCAGGGAGGAGCGAACTGCTCATTTCTGCCTACATCATATCGGTAAAGGCCTTTTGCCACTCCTTGAAGTTGAGCTCGGTACCACTTCCTGGACCTTGAAACAAAACTTCCAATCCGCCACCCTTCTTTCCTTTTTGTTTCATATGAACGACAAAATAGTCATTGCATGCAATGGTGAGGCCCGCAATTAGGGAAAAGAAGCTCTGGAAGCCCACTTTGCCATCTCTACACTGGTCCAGGTCCTTCATTATTTTGTCCACAGCCAGA,TGTAGTACACATGAAGCAGA,mNGplate11_sorted_D8_S100A10-C
CTGGCCTGATCAACCTGATGGTAGATACATTACACAGCAGTACCTTGTGGGCCTTATTTGTGGTCAATCTCTATATGTTTTCCAACTGTTTAATTGTATATGTACTATATTTGCAAGATAAGACTGTACAATTTTGGTGATCAGCAGGAGTAGGATATATAAGTATTTGGGCAATATTTAATGAGGAATATTAATTGTAAAGAAATTGTGCTTTTGGCAACAGTGTTAACCATATTTTATTATAAAATAGTTTCAGTCATCTAAACAGCA,CTGGCCTGATCAACCTGATGGTAGATACATTACACAGCAGTACCTTGTGGGCCTTATTTGTGGTCAATCTCTATATGTTTTCCAACTGTTTAATTGTATATGTACTATATTTGCAAGATAAGACTGTACAATTTTGGGGTGGCGGATTGGAAGTTTTGTTTCAAGGTCCAGGAAGTGGTACCGAGCTCAACTTCAAGGAGTGGCAAAAGGCCTTTACCGATATGATGTGATCAGCAGGAGTAGGATATATAAGTATTTGGGCAATATTTAATGAGGAATATTAATTGTAAAGAAATTGTGCTTTTGGCAACAGTGTTAACCATATTTTATTATAAAATAGTTTCAGTCATCTAAACAGCA,GTACAATTTTGGTGATCAGC,mNGplate11_sorted_D9_PIGW-C
GCACCCATGATGATGAATATGTGTGTATCCGACTGATGGAAGGCATCGCCCTGGAAAAGCTCTTCCCGCAGGATCCCGCACACCTGGGTCCGGCTCAGGGCCACCTGCTCTGCCATGACGCTGTCTGGTGGAAGAAAGGCTCGTTAACAAGGCAGAAGAACAGGAGAGCATTGAGAAGTTAGCCCCTTTCTTGAGAGTTCCTCTGGGGTCTCACACCAGGGTGACACCTGATTGCCCAAATCACTCCTTGT,GCACCCATGATGATGAATATGTGTGTATCCGACTGATGGAAGGCATCGCCCTGGAAAAGCTCTTCCCGCAGGATCCCGCACACCTGGGTCCGGCTCAGTGCCACCTGCTCTGCACCACTTCCTGGACCTTGAAACAAAACTTCCAATCCGCCACCCATCATATCGGTAAAGGCCTTTTGCCACTCCTTGAAGTTGAGCTCGGTCATGACGCTGTCTGGTGGAAGAAAGGCTCGTTAACAAGGCAGAAGAACAGGAGAGCATTGAGAAGTTAGCCCCTTTCTTGAGAGTTCCTCTGGGGTCTCACACCAGGGTGACACCTGATTGCCCAAATCACTCCTTGT,CGCACACCTGGGTCCGGCTC,mNGplate11_sorted_D10_G6PD-N
AGATGCCTGGAGTCTTTGGAATGGCAACTCCTGCTGATGGAGTAATCTATCTGTCTCTCTTTCCAGGTGGATGGGAAGAGAGTCCCAAGGGATGCAGGGCATCCTCTGTACCCCTTTAATGACCCGTACTGAGACCACAGCTTCTTGGCCTCCCTTCCAGCTCTGCAGCTAATGAGGTCCTGCCACAACGGAAAGAGGGAGTTAATAAAGCCATTGGAGCATCCATATTGCTTGCTTGTCTTATTTGCCTGGT,AGATGCCTGGAGTCTTTGGAATGGCAACTCCTGCTGATGGAGTAATCTATCTGTCTCTCTTTCCAGGTGGATGGGAAGAGAGTCCCAAGGGATGCAGGGCATCCTCTGTACCCCTTTAATGACCCGTACGGTGGCGGATTGGAAGTTTTGTTTCAAGGTCCAGGAAGTGGTACCGAGCTCAACTTCAAGGAGTGGCAAAAGGCCTTTACCGATATGATGTGAGACCACAGCTTCTTGGCCTCCCTTCCAGCTCTGCAGCTAATGAGGTCCTGCCACAACGGAAAGAGGGAGTTAATAAAGCCATTGGAGCATCCATATTGCTTGCTTGTCTTATTTGCCTGGT,AAGAAGCTGTGGTCTCAGTA,mNGplate11_sorted_D11_AKR1A1-C
CCCATTCCCATTAGCCCCGCCCCTTTGGGCTGGAACCGGAGGTGTCGCTCTTCGGACCTCAAGGTTCCCCTTAACACAGAGCGCCCCGCAGTCTTCGCGGAAAGCGTTCGGGGTAGGCGATGGCTGCGACGCGTGCAGGGCCCCGCGCCCGCGAGATCTTCACCTCGCTGGAGTACGGACCGGTGCCGGAGAGCCACGCATGCGCACTGGTGAGAGTCTGCCCGGCCGGCGCTGCTCGCTGCGTTCCCCAGGCCTGGGCGCCCGGTTTTTCGCGGGGAGTC,CCCATTCCCATTAGCCCCGCCCCTTTGGGCTGGAACCGGAGGTGTCGCTCTTCGGACCTCAAGGTTCCCCTTAACACAGAGCGCCCCGCAGTCTTCGCGGAAAGCGTTCGGGGTAGGCGATGACCGAGCTCAACTTCAAGGAGTGGCAAAAGGCCTTTACCGATATGATGGGTGGCGGATTGGAAGTTTTGTTTCAAGGTCCAGGAAGTGGTGCTGCGTCTCGTGCAGGGCCCCGCGCCCGCGAGATCTTCACCTCGCTGGAGTACGGACCGGTGCCGGAGAGCCACGCATGCGCACTGGTGAGAGTCTGCCCGGCCGGCGCTGCTCGCTGCGTTCCCCAGGCCTGGGCGCCCGGTTTTTCGCGGGGAGTC,GCGATGGCTGCGACGCGTGC,mNGplate11_sorted_D12_ALDH16A1-N
GAAGCATCCAGGTACACTTTCCAACAGGCAGACCCTACCAGGAACTGGGAGACAAGAGCGGGCTCTCTCCTGAGATAAGACAAGTTTAACGTGAAGACCTTTTGGAAAATTCCCGGGTTTTCCTGGCTCTTTTCAGTTGGTGTTTCTCTGAGGAATAGGGAGGTTCTCATGAAGATATTTTAAACTTCCATGCTCTGAGAAATCTGAGACCACGTGGTCCTTCCCTCGCAGCAGCCACTTAGTAGTAAGC,GAAGCATCCAGGTACACTTTCCAACAGGCAGACCCTACCAGGAACTGGGAGACAAGAGCGGGCTCTCTCCTGAGATAAGACAAGTTTAACGTGAAGACCTTTTGGAAAATTCCCGGGTTTTGGTGGCTCTTTTCACATCATATCGGTAAAGGCCTTTTGCCACTCCTTGAAGTTGAGCTCGGTACCACTTCCTGGACCTTGAAACAAAACTTCCAATCCGCCACCGTTGGTGTTTCTCTGAGGAATAGGGAGGTTCTCATGAAGATATTTTAAACTTCCATGCTCTGAGAAATCTGAGACCACGTGGTCCTTCCCTCGCAGCAGCCACTTAGTAGTAAGC,AACACCAACTGAAAAGAGCC,mNGplate11_sorted_E1_ALDH18A1-C
GCTCGAAAGCTTTCTCGGTACCGGAGGCGTCCGCCGGCTCCACGCGGGCCCCGCCGCGGTAATTGAGCGGCTGCGACACGACGAAGGTGCCAGTGCTCATGGCGGCGACAGGAGAGGGCCGAAGACTGCGAAGAAGCGGGGAGAGCGCGGCCAGGCCTGCTCGGAGAAACATGAGTGGCGGACGCAGCTCCGCGGCAGAGGCTGACGGGCCGCGGGAGGGGCGGGGCCGCGGGAGGGGCGGGGCCGCGGGATCGGTTCTAGGAGATTTTAGGGGCAGTCA,GCTCGAAAGCTTTCTCGGTACCGGAGGCGTCCGCCGGCTCCACGCGGGCCCCGCCGCGGTAATTGAGCGGCTGCGACACGACGAAGGTGCCAGTGCTCATGGCGGCGACAGGAGAGGGCCGAAGACTGCGAAGAAGCGGGGAGAGCGCGGCCAGGCCTGCTCGGAGAAAACCACTTCCTGGACCTTGAAACAAAACTTCCAATCCGCCACCCATCATATCGGTAAAGGCCTTTTGCCACTCCTTGAAGTTGAGCTCGGTCATGAGTGGCGGACGCAGCTCCGCGGCAGAGGCTGACGGGCCGCGGGAGGGGCGGGGCCGCGGGAGGGGCGGGGCCGCGGGATCGGTTCTAGGAGATTTTAGGGGCAGTCA,CCTGCTCGGAGAAACATGAG,mNGplate11_sorted_E2_ALDH9A1-N
CCACGGATTGGCTTCCAGGGTCCGGCCCGTCGGCCAATCAGGCGCGGGGGCGTTGTCTGGGGGCGGGGCTCCGGCCGCCTCTGACGAGTCCCGGATTTACCAGGGCCGGTGGGATCCCCTCGGGCTCCCGCCTTAGCATGCTGGCCGGGACATCTGGTGAACATGGCCTCTGCTACTGCGGCAGCAGCACGACGGGGCCTCGGCCGGGCTCTCCCTCTCTTCTGGCGTGGCTACCAGACCGAGCGGGGCGTTTACGGCTACCGGCCGAGGAAGCCCGAGAGCCGCGA,CCACGGATTGGCTTCCAGGGTCCGGCCCGTCGGCCAATCAGGCGCGGGGGCGTTGTCTGGGGGCGGGGCTCCGGCCGCCTCTGACGAGTCCCGGATTTACCAGGGCCGGTGGGATCCCCTCGGGCTCCCGCCTTAGCATGCTGGCCGGGACATCTGGTGAACATGACCGAGCTCAACTTCAAGGAGTGGCAAAAGGCCTTTACCGATATGATGGGTGGCGGATTGGAAGTTTTGTTTCAAGGTCCAGGAAGTGGTGCCAGCGCTACTGCGGCAGCAGCACGACGGGGCCTCGGCCGGGCTCTCCCTCTCTTCTGGCGTGGCTACCAGACCGAGCGGGGCGTTTACGGCTACCGGCCGAGGAAGCCCGAGAGCCGCGA,GAACATGGCCTCTGCTACTG,mNGplate11_sorted_E3_DHTKD1-N
ATTTTCTAACAGAGGGGAGCTTCCCTACCTTTATTTGGTTGGAAAGGTCATAAGGGTAGATTTCTTACTGTTGTCCTTCCTGTTTAGGTGTGAAGTTTTTCAACATGAGTGGCCTCGGGGACAGTTCATCCGACCCTGCTAACCCAGACTCACATAAGAGGAAAGGATCGCCATGTGACACACTGGCATCAAGGTAGGAACACTCCTCTTAGTCTATTTTTGGCAGAGCTGCTTTATTACTTTCACTGCC,ATTTTCTAACAGAGGGGAGCTTCCCTACCTTTATTTGGTTGGAAAGGTCATAAGGGTAGATTTCTTACTGTTGTCCTTCCTGTTTAGGTGTGAAGTTTTTCAACATGACCGAGCTCAACTTCAAGGAGTGGCAAAAGGCCTTTACCGATATGATGGGTGGCGGATTGGAAGTTTTGTTTCAAGGTCCAGGAAGTGGTAGTGGCCTCGGGGACAGTTCATCCGACCCTGCTAACCCAGACTCACATAAGAGGAAAGGATCGCCATGTGACACACTGGCATCAAGGTAGGAACACTCCTCTTAGTCTATTTTTGGCAGAGCTGCTTTATTACTTTCACTGCC,GTGAAGTTTTTCAACATGAG,mNGplate11_sorted_E4_NCOA1-N
TCAGGTGTGTAAGGAATTCCACTTCATTGCACTGACTTTCTACATATTAGTGGGGCTCTGCACGATCTTGGTTTCTACTGAGTGGATTCACTCCATTCTGTGATTTTTTTTCCTTAGGGTCCTGCCTCAGTTGGCGGAATGGCGGCCACGGGAGCCAATGCAGAGAAAGCTGAAAGTCACAAGTAAGGCTCCATTTCATTCCAGGTTGGGTTGGGTGGGGTTGGGTTGTTTATAGAGCATATGTTGTGCCACACATT,TCAGGTGTGTAAGGAATTCCACTTCATTGCACTGACTTTCTACATATTAGTGGGGCTCTGCACGATCTTGGTTTCTACTGAGTGGATTCACTCCATTCTGTGATTTTTTTTCCTTAGGGTCCTGCCTCAGTTGGCGGAATGACCGAGCTCAACTTCAAGGAGTGGCAAAAGGCCTTTACCGATATGATGGGTGGCGGATTGGAAGTTTTGTTTCAAGGTCCAGGAAGTGGTGCGGCCACGGGAGCCAATGCAGAGAAAGCTGAAAGTCACAAGTAAGGCTCCATTTCATTCCAGGTTGGGTTGGGTGGGGTTGGGTTGTTTATAGAGCATATGTTGTGCCACACATT,AGTTGGCGGAATGGCGGCCA,mNGplate11_sorted_E5_UPP1-N
AGCAGCGGGAGGAGCGCCCCGCCGCCCCCGCCGAGGACCGCGCGGAGGCTGCGGCGCTGCCGCGGCGGGAGTCCCAGGTCGGCGGGCAGAGCGCGGGCAGCGAGGGGCCGCCGCCTGTGCCGCAGCGGGGAGATGTGCCCAGAGGAGGGCGGCGCGGCCGGGCTGGGCGAGCTCCGCTCCTGGTGGGAGGTCCCGGCCATCGCGCACTTCTGCTCGCTCTTTCGCACCGCGTTCCGCCTGCCCGACTTCGAGATCGAGGTGAGTGGCCGC,AGCAGCGGGAGGAGCGCCCCGCCGCCCCCGCCGAGGACCGCGCGGAGGCTGCGGCGCTGCCGCGGCGGGAGTCCCAGGTCGGCGGGCAGAGCGCGGGCAGCGAGGGGCCGCCGCCTGTGCCGCAGCGGGGAGATGACCGAGCTCAACTTCAAGGAGTGGCAAAAGGCCTTTACCGATATGATGGGTGGCGGATTGGAAGTTTTGTTTCAAGGTCCAGGAAGTGGTTGTCCTGAAGAAGGCGGCGCGGCCGGGCTGGGCGAGCTCCGCTCCTGGTGGGAGGTCCCGGCCATCGCGCACTTCTGCTCGCTCTTTCGCACCGCGTTCCGCCTGCCCGACTTCGAGATCGAGGTGAGTGGCCGC,CGGCCGCGCCGCCCTCCTCT,mNGplate11_sorted_E6_CECR2-N
TAACCGTCACTCAAAAGGTTGAAGAGCATGAAGAGACCTTTGAGGAGAAACTAGTGTCTACTAAAAAGGTAGAAAAAGTCACTTCACACGCCATAGTAAAGGAAGTCACCCAGAGTGACTAAGATTTGAGTCCATTGCAAAAGGTTAAGCCATATGACAATTTCAAAATGCATGTGATTGGCAGCTTCAAAACAGAACGGGTTCTCCCATGGGGGCTCCAGACATTGTATTTTACTTTGTGCAATATGAGGGGAC,TAACCGTCACTCAAAAGGTTGAAGAGCATGAAGAGACCTTTGAGGAGAAACTAGTGTCTACTAAAAAGGTAGAAAAAGTCACTTCACACGCCATAGTAAAGGAAGTCACCCAGAGTGACGGTGGCGGATTGGAAGTTTTGTTTCAAGGTCCAGGAAGTGGTACCGAGCTCAACTTCAAGGAGTGGCAAAAGGCCTTTACCGATATGATGTAAGATTTGAGTGGATTGCAAAAGGTTAAGCCATATGACAATTTCAAAATGCATGTGATTGGCAGCTTCAAAACAGAACGGGTTCTCCCATGGGGGCTCCAGACATTGTATTTTACTTTGTGCAATATGAGGGGAC,TATGGCTTAACCTTTTGCAA,mNGplate11_sorted_E7_NEFM-C
TAGATTCCTGCCCACCGACCTCTCCCAGACCCTGGCCTTCTCCTTCCCCTCCCCTTCCCATCCGGCGTCTGGCTCACCTTGCGTCCGAAGACCTGCACAGACTGCAGCGGGCCCTTGGACGGCATGGCTCCGAGCGTGGACTAGACAACCTCACCGCGCGGCGCCGCAACCGGAAAAGGAAAGCTAGGGGCCACCCTGGCCGCTTTTCAGGGTCTGCGCAGGCGCCTTGAGCACTGCGTCGCGACGGGAGAGAGCTTTAC,TAGATTCCTGCCCACCGACCTCTCCCAGACCCTGGCCTTCTCCTTCCCCTCCCCTTCCCATCCGGCGTCTGGCTCACCTTGCGTCCGAAGACCTGCACAGACTGCAGCGGGCCCTTGGACGGACCACTTCCTGGACCTTGAAACAAAACTTCCAATCCGCCACCCATCATATCGGTAAAGGCCTTTTGCCACTCCTTGAAGTTGAGCTCGGTCATGGCTCCGAGCGTGGACTAGACAACCTCACCGCGCGGCGCCGCAACCGGAAAAGGAAAGCTAGGGGCCACCCTGGCCGCTTTTCAGGGTCTGCGCAGGCGCCTTGAGCACTGCGTCGCGACGGGAGAGAGCTTTAC,GCTCGGAGCCATGCCGTCCA,mNGplate11_sorted_E8_RPS16-N
GGTGGTTCATCCCTCCTGACCCCACCCCCGTGGCCTGGCCCGATGGTCGCGCCCGGGGTTGCGAGATTTGCGCCTGCGCAGTGCGGCGCCTAGAGGGAAAGCGAGAGGGAGACGGACGTTGAGAGAACGAGGAGGAAGGAGAGAAAATGGCGTCCACGGGTGAGTATGGTGGAACTGCGGTCGCGCCGGCGGTAGCCGGAACGCCCAAACTGGGGGTCGTTCGTCTCTGGGCTTGGCTGGGAAGACTGAGTGGAGTTGCC,GGTGGTTCATCCCTCCTGACCCCACCCCCGTGGCCTGGCCCGATGGTCGCGCCCGGGGTTGCGAGATTTGCGCCTGCGCAGTGCGGCGCCTAGAGGGAAAGCGAGAGGGAGACGGACGTTGAGAGAACGAGGAGGAAGGAGAGAAAATGACCGAGCTCAACTTCAAGGAGTGGCAAAAGGCCTTTACCGATATGATGGGTGGCGGATTGGAAGTTTTGTTTCAAGGTCCAGGAAGTGGTGCGTCCACGGGTGAGTATGGTGGAACTGCGGTCGCGCCGGCGGTAGCCGGAACGCCCAAACTGGGGGTCGTTCGTCTCTGGGCTTGGCTGGGAAGACTGAGTGGAGTTGCC,AGGAGAGAAAATGGCGTCCA,mNGplate11_sorted_E9_EWSR1-N
GCCTTCCCGCTCCCAGGCCTGGCCGCCATGGCGCCGCGGGCGGGAGGCCTTTGTGGGGCGGGCACGTGGGGCGCTGGGGGCGCGGGAGCGGGGCCGCCATGGGCTGCGGGGCCGCGCGAGCGCTCGCCTCCGTCCTCTGCCTCCGCAGGAACGCCGCGATGGCTGCGCAGGGAGAGCCCCAGGTCCAGTTCAAAGTAGGTAACCCTGCGGGGCGGGAGGCGGCCGAGCCCGACCGCGTGCGACTCGCGGGTCCCTCCTCCTGGGGCCACGATGGCTGTAATGGGGCCC,GCCTTCCCGCTCCCAGGCCTGGCCGCCATGGCGCCGCGGGCGGGAGGCCTTTGTGGGGCGGGCACGTGGGGCGCTGGGGGCGCGGGAGCGGGGCCGCCATGGGCTGCGGGGCCGCGCGAGCGCTCGCCTCCGTCCTCTGCCTCCGCAGGAACGCCGCGATGACCGAGCTCAACTTCAAGGAGTGGCAAAAGGCCTTTACCGATATGATGGGTGGCGGATTGGAAGTTTTGTTTCAAGGTCCAGGAAGTGGTGCTGCGCAGGGAGAGCCCCAGGTCCAGTTCAAAGTAGGTAACCCTGCGGGGCGGGAGGCGGCCGAGCCCGACCGCGTGCGACTCGCGGGTCCCTCCTCCTGGGGCCACGATGGCTGTAATGGGGCCC,CTCTCCCTGCGCAGCCATCG,mNGplate11_sorted_E10_RAN-N
CAGCTGTTAAGAGAAAGTCGTGATGTAAGTTTATACATATTACCGAAGGCAAAGAGGACAAGCAAAGGAGAGCTCCAGTTGGAATGTTGATTACATTCATGCAGCTTCCTCTTGATTTAAACACTCATGACACATTGAATGAACTGAAAGAAAAATCAGCATTATATGACAGACCTCAAAGCACTTATACGGCACAGCCTATTTCTGGCAGCTTACATTTGGTTTTCTAATTTGAACACGGGTAAAACAA,CAGCTGTTAAGAGAAAGTCGTGATGTAAGTTTATACATATTACCGAAGGCAAAGAGGACAAGCAAAGGAGAGCTCCAGTTGGAATGTTGATTACATTCATGCAGCTTCCTCTTGATTTACATCATATCGGTAAAGGCCTTTTGCCACTCCTTGAAGTTGAGCTCGGTACCACTTCCTGGACCTTGAAACAAAACTTCCAATCCGCCACCAACACTCATGACACATTGAATGAACTGAAAGAAAAATCAGCATTATATGACAGACCTCAAAGCACTTATACGGCACAGCCTATTTCTGGCAGCTTACATTTGGTTTTCTAATTTGAACACGGGTAAAACAA,TCATGAGTGTTTAAATCAAG,mNGplate11_sorted_E11_SRI-C
CTGCGCCTTCCTGTTGCTGCGCCTGCTCGTGGGCCTGGCCCTGGCCACCCTGCGGGTCCTGCGGGGCCTCGCCCGGCCCGAACACCCCCCGCCAGCCCCCACGGGCCAGGACGACCCACAGTCCCAGCTCCTCCCTGCCCCCTGCTAGCAGCCACAGAGCCCACTCCCAGCCGTCCTCACCAGAGATGGACCAGGGAGGACAGGATGCTGGGCAGGGGAAGCCAAGTCACGGGCAGGCCGCAGTGGTTCTTGCGTGGCCTGGTTTTATTT,CTGCGCCTTCCTGTTGCTGCGCCTGCTCGTGGGCCTGGCCCTGGCCACCCTGCGGGTCCTGCGGGGCCTCGCCCGGCCCGAACACCCCCCGCCAGCCCCCACGGGCCAGGACGACCCACAGTCCCAGCTCCTCCCTGCCCCCTGCGGTGGCGGATTGGAAGTTTTGTTTCAAGGTCCAGGAAGTGGTACCGAGCTCAACTTCAAGGAGTGGCAAAAGGCCTTTACCGATATGATGTAGCAGCCACAGAGCCCACTCCCAGCCGTCCTCACCAGAGATGGACCAGGGAGGACAGGATGCTGGGCAGGGGAAGCCAAGTCACGGGCAGGCCGCAGTGGTTCTTGCGTGGCCTGGTTTTATTT,GGGCTCTGTGGCTGCTAGCA,mNGplate11_sorted_F1_TMEM175-C
GGAAGTGGTGATAATGCCAGGCCCTGCCCCCGGCAGAGGCGGAAGCGGAGTCGGCCTGAGAGGTCTCTCGTCGCTGCAGGCGCCTCAGCCCAGCCGCGTGCCTTGGCCCATGGCCGCCTACTCTTACCGCCCCGGCCCTGGGGCCGGCCCTGGGCCTGCTGCAGGCGCGGCGCTGCCGGACCAGAGCTTCCTGTGGAACGTTTTCCAGAGGTGCGGCCTGGCACCGCCCGGGCACCTCCCGCCTCCGCCGCGGCGGCCCCGACCCCTGTCCCGACTCC,GGAAGTGGTGATAATGCCAGGCCCTGCCCCCGGCAGAGGCGGAAGCGGAGTCGGCCTGAGAGGTCTCTCGTCGCTGCAGGCGCCTCAGCCCAGCCGCGTGCCTTGGCCCATGACCGAGCTCAACTTCAAGGAGTGGCAAAAGGCCTTTACCGATATGATGGGTGGCGGATTGGAAGTTTTGTTTCAAGGTCCAGGAAGTGGTGCCGCCTACTCTTACCGCCCCGGCCCTGGGGCCGGCCCTGGGCCTGCTGCAGGCGCGGCGCTGCCGGACCAGAGCTTCCTGTGGAACGTTTTCCAGAGGTGCGGCCTGGCACCGCCCGGGCACCTCCCGCCTCCGCCGCGGCGGCCCCGACCCCTGTCCCGACTCC,CGGTAAGAGTAGGCGGCCAT,mNGplate11_sorted_F2_PDCD6-N
CCTGGTGGAGACTGGAAATCTGACTGTGTCCTGTGGCAACACACAGTCCCTTGCATAACTTTGGCTTCAGTCCCTGGATCTGTCCTTTGCAGCTACGTCAGGTTCCATGGAAGGAGGAAAGAGCTGGAGGGCAGTATCACTCAGCCAAAGCTCCCATGGGGTCCCATGCTGGCAGGATAATGGGTTCCTGCTCTAACACAGCTAGCACCTCTTCAGGGACATGCTTCCTGTCCACCACCACTTCGTAGACATA,CCTGGTGGAGACTGGAAATCTGACTGTGTCCTGTGGCAACACACAGTCCCTTGCATAACTTTGGCTTCAGTCCCTGGATCTGTCCTTTGCAGCTACGTCAGGTTCCATGGAAGGAGGAAAGAGCTGGAGGGCAGTATCACATCATATCGGTAAAGGCCTTTTGCCACTCCTTGAAGTTGAGCTCGGTACCACTTCCTGGACCTTGAAACAAAACTTCCAATCCGCCACCCTCAGCAAGAGCTCCCATGGGGTCCCATGCTGGCAGGATAATGGGTTCCTGCTCTAACACAGCTAGCACCTCTTCAGGGACATGCTTCCTGTCCACCACCACTTCGTAGACATA,ATGGGACCCCATGGGAGCTT,mNGplate11_sorted_F3_BLMH-C
CCGTTAGCCACGTGGACCGACTCCGGCGCGCCGTCCTCACGTGGTTCCAGTGGAGTTTGCAGTCCTTCCCGCTTCTCCGTACTCGCCCCCGCCTCTGAGCTCCCTTCCCATGGCGGCCCTAGTGTTGGAGGACGGGTCGGTCCTGCGGGGCCAGCCCTTTGGGGCCGCCGTGTCGACTGCCGGGGAAGTGGGTAAGCAAGCCCGGTTAGGCTGCAGACCTTATCCCACTCTGTGATGCGCCTCTCCTCCCAACCTTCC,CCGTTAGCCACGTGGACCGACTCCGGCGCGCCGTCCTCACGTGGTTCCAGTGGAGTTTGCAGTCCTTCCCGCTTCTCCGTACTCGCCCCCGCCTCTGAGCTCCCTTCCCATGACCGAGCTCAACTTCAAGGAGTGGCAAAAGGCCTTTACCGATATGATGGGTGGCGGATTGGAAGTTTTGTTTCAAGGTCCAGGAAGTGGTGCGGCCCTAGTGTTGGAGGACGGGTCGGTCCTGCGGGGCCAGCCCTTTGGGGCCGCCGTGTCGACTGCCGGGGAAGTGGGTAAGCAAGCCCGGTTAGGCTGCAGACCTTATCCCACTCTGTGATGCGCCTCTCCTCCCAACCTTCC,TCCAACACTAGGGCCGCCAT,mNGplate11_sorted_F4_CAD-N
GACAGGTACGCGGAGTCGCGGAGGGGCGGGGGAGGGGCGGCGGCGCGCGGCCAGGCCCGGGACTGAGCCACCCGCTGAGTCCGGCCTCCTCCCCCCGCAGGGTCTACATCAACTATTACGACATGAACGCGGCCAATGTGGGCTGGAACAACTCCACCTTCGCCTAAGAGCCGCAGGGACCCACGCTGTCTGCGCTGGCTCCACCCGGGAACCCGCCGCACGCTGTGTTCTAGGCCCGCCCACCCCAACCTTCTGGTGGGGAGAAATAAACGGTTTAG,GACAGGTACGCGGAGTCGCGGAGGGGCGGGGGAGGGGCGGCGGCGCGCGGCCAGGCCCGGGACTGAGCCACCCGCTGAGTCCGGCCTCCTCCCCCCGCAGGGTCTACATCAACTATTACGACATGAACGCGGCCAATGTGGGCTGGAACAACTCCACCTTCGCCGGTGGCGGATTGGAAGTTTTGTTTCAAGGTCCAGGAAGTGGTACCGAGCTCAACTTCAAGGAGTGGCAAAAGGCCTTTACCGATATGATGTAAGAGCCGCAGGGACCCACGCTGTCTGCGCTGGCTCCACCCGGGAACCCGCCGCACGCTGTGTTCTAGGCCCGCCCACCCCAACCTTCTGGTGGGGAGAAATAAACGGTTTAG,TCCCTGCGGCTCTTAGGCGA,mNGplate11_sorted_F5_MIF-C
ACCAAATCCGACTGGAGCAGGAGGCCGGCGCTCGGCAGCCTCCGCCAGCCCCGCGCAGCGCGCCGCCCTCGCCCCCCTTCCCGCCGCCGCCCGCCTTCCCCGAGCTCGCGGCCTGCACGCCGCCCGCGTCCCCGGAGCCCATGAGCGCGCTGGCCTCCCGCTCCGCCCCCGCCATGCAGTCCTCCGGCTCCTTCAACTACGCGCGCCCCAAGCAGTTCATCGCCGCGCAGAACCTCGGGCCCGCGTCGGGCCACGGCACGCCGGCCTCCAGCCCCAGCTCGTC,ACCAAATCCGACTGGAGCAGGAGGCCGGCGCTCGGCAGCCTCCGCCAGCCCCGCGCAGCGCGCCGCCCTCGCCCCCCTTCCCGCCGCCGCCCGCCTTCCCCGAGCTCGCGGCCTGCACGCCGCCCGCGTCCCCGGAGCCCATGACCGAGCTCAACTTCAAGGAGTGGCAAAAGGCCTTTACCGATATGATGGGTGGCGGATTGGAAGTTTTGTTTCAAGGTCCAGGAAGTGGTAGCGCGCTGGCCTCCCGCTCCGCCCCCGCCATGCAGTCCTCCGGCTCCTTCAACTACGCGCGCCCCAAGCAGTTCATCGCCGCGCAGAACCTCGGGCCCGCGTCGGGCCACGGCACGCCGGCCTCCAGCCCCAGCTCGTC,CGGGAGGCCAGCGCGCTCAT,mNGplate11_sorted_F6_PALLD-N
TCTGGAAGGTGTCAGCTCATCTGACAGGGAAGTTGAGAGCAATAAAGTTATTTTGCCAATGCCCTGATGAATGGGAAATGCTGATGTTTCCACTTTTCATTTCCAGGAGTATAATGTCTCAGGAAGGCGATTATGGGAGGTGGACCATATCTAGTAGTGATGAAAGTGAGGAAGAAAAGCCAAAACCAGACAAGCCATCTACCTCTTCTCTTCTCTGTGCCAGGCAAGGAGCAGCAAATGAGCCCAGGTACACCT,TCTGGAAGGTGTCAGCTCATCTGACAGGGAAGTTGAGAGCAATAAAGTTATTTTGCCAATGCCCTGATGAATGGGAAATGCTGATGTTTCCACTTTTCATTTCCAGGAGTATAATGACCGAGCTCAACTTCAAGGAGTGGCAAAAGGCCTTTACCGATATGATGGGTGGCGGATTGGAAGTTTTGTTTCAAGGTCCAGGAAGTGGTTCTCAGGAAGGCGATTATGGTAGGTGGACCATATCTAGTAGTGATGAAAGTGAGGAAGAAAAGCCAAAACCAGACAAGCCATCTACCTCTTCTCTTCTCTGTGCCAGGCAAGGAGCAGCAAATGAGCCCAGGTACACCT,TGTCTCAGGAAGGCGATTAT,mNGplate11_sorted_F7_TDP1-N
TTGAATTCTGAAAACACAACCATAAATCATAGTTGGTTTTTCTGTGACAATGATCTAGTACATTATTTCCTCCACAGCAAACCTACCTTTCCAGAAGGTGGAAATTGTATTTGCAACAATCAGGGCAAAACCCACACTTGAAAAGCATTTTACAATATTATATCTAAGTTGCACAGAAGACCCCAGTGATCACTAGGAAATCTACCACAGTCCAGTTTTTCTAATCCAAGAAGGTCCAAACTTCGGGGAATAATGTGT,TTGAATTCTGAAAACACAACCATAAATCATAGTTGGTTTTTCTGTGACAATGATCTAGTACATTATTTCCTCCACAGCAAACCTACCTTTCCAGAAGGTGGAAATTGTATTTGCAACAATCAGGGCAAAAGGCACACTTGAAAAGCATTTTACATCATATCGGTAAAGGCCTTTTGCCACTCCTTGAAGTTGAGCTCGGTACCACTTCCTGGACCTTGAAACAAAACTTCCAATCCGCCACCCAATATTATATCTAAGTTGCACAGAAGACCCCAGTGATCACTAGGAAATCTACCACAGTCCAGTTTTTCTAATCCAAGAAGGTCCAAACTTCGGGGAATAATGTGT,TGTAAAATGCTTTTCAAGTG,mNGplate11_sorted_F8_TDP2-C
TGCAGTGCACATTGGGTCAGGCACACGCGAGGGGCAGCCCCCGAGGGCCGTCCCAGAGTCCCCCGCGCCGCCGGGGTCCTAACGGGGTGCACCGTCTTCCGCCGCACGTGGATTCAGCGCGATGCCCAAATCCAAGCGCGACAAGAAAGGTGGGCGAAGGGGGAGTCGGGACCCTGGGGGGAGCTCCGTGGGCTGGCTACCCAGCCTGCGGTGAGGGCTTCGGGGCGGCGGGGGCGCAGATTGGAACGCCAGGACAT,TGCAGTGCACATTGGGTCAGGCACACGCGAGGGGCAGCCCCCGAGGGCCGTCCCAGAGTCCCCCGCGCCGCCGGGGTCCTAACGGGGTGCACCGTCTTCCGCCGCACGTGGATTCAGCGCGATGACCGAGCTCAACTTCAAGGAGTGGCAAAAGGCCTTTACCGATATGATGGGTGGCGGATTGGAAGTTTTGTTTCAAGGTCCAGGAAGTGGTCCAAAATCCAAACGTGAAAAAAAGGGTGGGCGAAGGGGGAGTCGGGACCCTGGGGGGAGCTCCGTGGGCTGGCTACCCAGCCTGCGGTGAGGGCTTCGGGGCGGCGGGGGCGCAGATTGGAACGCCAGGACAT,TTTCTTGTCGCGCTTGGATT,mNGplate11_sorted_F9_MRTO4-N
CATCTCCTCGTCCGGGTGGTCCTCTGGAGGCGCGGGCGCGGGCGGTGCCGGCTCCCCGGCAAGAGCGAGCGCCATGGCTGCCGCGGCCGCCGGCTCGCTCTCGCCCACCGCGGACTCCAGGGCGCGAAGGCGGGCCGGGTTTTTCTCAATGCGCACTTGCTTCAGGTTTCCTCTTAACATCATCTTACTGAGTTCGCCTCGGACACCGGATACAGGCCTAGATTTATAGACAGTGTGTCTATATATATGTATACGTCTCTACATAAACCTATGCCAACAAAATATCGACAATC,CATCTCCTCGTCCGGGTGGTCCTCTGGAGGCGCGGGCGCGGGCGGTGCCGGCTCCCCGGCAAGAGCGAGCGCCATGGCTGCCGCGGCCGCCGGCTCGCTCTCGCCCACCGCGGACTCCAGGGCGCGAAGGCGGGCCGGGTTTTTCTCAATGCGCACTTGCTTCAGGTTTCCTCTTAACATACCACTTCCTGGACCTTGAAACAAAACTTCCAATCCGCCACCCATCATATCGGTAAAGGCCTTTTGCCACTCCTTGAAGTTGAGCTCGGTCATCTTACTGAGTTCGCCTCGGACACCGGATACAGGCCTAGATTTATAGACAGTGTGTCTATATATATGTATACGTCTCTACATAAACCTATGCCAACAAAATATCGACAATC,CTCAGTAAGATGATGTTAAG,mNGplate11_sorted_F10_PSPC1-N
GGTCTGAACCCCAAACAGCCGACCCGGCCCGCGCCCCGGCGCCCGCAGGGAACCGCGGCCGGCTGCGTTTACCTGTTGCCAGTACTCCTCCAGAGACGGCAGCGCCGAGAAGTAGCCGGTCTCGTGCACGATCTGGAGCTCCTGGAAGATGCTGCACATGGGGAGCACGTCCATGTCGGGCCGGGTTGGACGGAGCCCGCGGTCGCGAGGGCGGCGAGGCGCGCGGTGGGAGCCGGAGCCGAAAGTCTCCCCGGAGCGCAGGTGAAAGTTTCATGCAAAC,GGTCTGAACCCCAAACAGCCGACCCGGCCCGCGCCCCGGCGCCCGCAGGGAACCGCGGCCGGCTGCGTTTACCTGTTGCCAGTACTCCTCCAGAGACGGCAGCGCCGAGAAGTAGCCGGTCTCGTGCACGATCTGGAGCTCCTGGAAGATGCTGCACATGGGGAGCACGTCACCACTTCCTGGACCTTGAAACAAAACTTCCAATCCGCCACCCATCATATCGGTAAAGGCCTTTTGCCACTCCTTGAAGTTGAGCTCGGTCATGTCGGGCCGGGTTGGACGGAGCCCGCGGTCGCGAGGGCGGCGAGGCGCGCGGTGGGAGCCGGAGCCGAAAGTCTCCCCGGAGCGCAGGTGAAAGTTTCATGCAAAC,CATGGGGAGCACGTCCATGT,mNGplate11_sorted_F11_KLF6-N
TCACCGCCGCTTACCTGCGCCTCCTCGAGCCTCCGGAGTCCCCGTCCGCCCGCACAGGCCGGTTCGCCGTCTGCGTCTCCCCCACGCCGCCTCGCCTGCCGCCGCGCTCGTCCCTCCGGGCCGACATGAGTGGGGACCACCTCCACAACGATTCCCAGGTACGGCCCGGCCTGACCCTGGCGGCCCCGGACCCCGGCCTGGCCGTCCCGCGACCCCCGGCGCAGGCCCCGACCCCAGCCCCGGCCCGGCAGCTTTGACAGGCCGGAGCC,TCACCGCCGCTTACCTGCGCCTCCTCGAGCCTCCGGAGTCCCCGTCCGCCCGCACAGGCCGGTTCGCCGTCTGCGTCTCCCCCACGCCGCCTCGCCTGCCGCCGCGCTCGTCCCTCCGGGCCGACATGACCGAGCTCAACTTCAAGGAGTGGCAAAAGGCCTTTACCGATATGATGGGTGGCGGATTGGAAGTTTTGTTTCAAGGTCCAGGAAGTGGTAGTGGGGACCACCTCCACAACGATTCCCAGGTACGGCCCGGCCTGACCCTGGCGGCCCCGGACCCCGGCCTGGCCGTCCCGCGACCCCCGGCGCAGGCCCCGACCCCAGCCCCGGCCCGGCAGCTTTGACAGGCCGGAGCC,CCCTCCGGGCCGACATGAGT,mNGplate11_sorted_F12_TOP1-N
AAGAAACTACAACTCCCAGGGCGTCCCGGAGCAGGCCAACGGGACTACGGGAAGCAGCGGGCAGCGGCCCGCGGGAGGCACCTCGGAGATCTGGGTGCAAAAGCCCAGGGTTAGGAACCGTAGGCATGCTGCGCCCCAAGGCTTTGACCCAGGTGCTAAGCCAAGCCAACACTGGAGGCGTCCAGAGCACCCTGTGAGTGCAGACCACGGACCCGAGCGGCGAGCGCTGCAGTGGGGCGGCGCGCGGCTCCCTGAGGGAGGGGTGGGGAAGGATCACCAG,AAGAAACTACAACTCCCAGGGCGTCCCGGAGCAGGCCAACGGGACTACGGGAAGCAGCGGGCAGCGGCCCGCGGGAGGCACCTCGGAGATCTGGGTGCAAAAGCCCAGGGTTAGGAACCGTAGGCATGACCGAGCTCAACTTCAAGGAGTGGCAAAAGGCCTTTACCGATATGATGGGTGGCGGATTGGAAGTTTTGTTTCAAGGTCCAGGAAGTGGTCTGCGCCCCAAGGCTTTGACCCAGGTGCTAAGCCAAGCCAACACTGGAGGCGTCCAGAGCACCCTGTGAGTGCAGACCACGGACCCGAGCGGCGAGCGCTGCAGTGGGGCGGCGCGCGGCTCCCTGAGGGAGGGGTGGGGAAGGATCACCAG,CTTGGGGCGCAGCATGCCTA,mNGplate11_sorted_G1_LAMTOR2-N
AACAGTTGGTGTTTACTAACCTAGTAGAACCAAGGCACCCAAGGAGCTGAGTTTTCTTTGTTTATATGCACAGATTGCTTCACCTGTGGTATCAGACATCACAACATGGGGCTCACCAAGCAGTACCTACGCTATGTTGCTAGTGCGGTCTTTGGCGTTATCGGCAGCCAAAAAGGTAATATTGTCTTTGTGACACTTCGTGGTGAGAAAGGACGTTATGTGGCAGTACCAGCTTGTGAACACGTTTTCAT,AACAGTTGGTGTTTACTAACCTAGTAGAACCAAGGCACCCAAGGAGCTGAGTTTTCTTTGTTTATATGCACAGATTGCTTCACCTGTGGTATCAGACATCACAACATGACCGAGCTCAACTTCAAGGAGTGGCAAAAGGCCTTTACCGATATGATGGGTGGCGGATTGGAAGTTTTGTTTCAAGGTCCAGGAAGTGGTGGGCTCACCAAGCAGTACCTACGCTATGTTGCTAGTGCGGTCTTTGGCGTTATCGGCAGCCAAAAAGGTAATATTGTCTTTGTGACACTTCGTGGTGAGAAAGGACGTTATGTGGCAGTACCAGCTTGTGAACACGTTTTCAT,GTATCAGACATCACAACATG,mNGplate11_sorted_G2_WDR3-N
TGTGTCTGCAACTATATTTCATGTTTATATTAGTCTTGTGAAAAGTAATCCTTCTGTCTGTTTGTAGACACAGAAACGTAAAATGGATGGCGCACCTGATGGTCGAGGAAGAAAAAAGAAGCTGAAACTATGAATATGTTTTTGTTTCATAATCACTAACTTTAAACCAGTAGTTCTTTAATTTACGGGTCTTCATAAGATGTACTGTACAATGCTCAATTGTTATGTCATTTAAAGACATCAGGTTCATCTG,TGTGTCTGCAACTATATTTCATGTTTATATTAGTCTTGTGAAAAGTAATCCTTCTGTCTGTTTGTAGACACAGAAACGTAAAATGGATGGCGCACCTGACGGAAGGGGACGCAAAAAGAAGCTGAAACTAGGTGGCGGATTGGAAGTTTTGTTTCAAGGTCCAGGAAGTGGTACCGAGCTCAACTTCAAGGAGTGGCAAAAGGCCTTTACCGATATGATGTGAATATGTTTTTGTTTCATAATCACTAACTTTAAACCAGTAGTTCTTTAATTTACGGGTCTTCATAAGATGTACTGTACAATGCTCAATTGTTATGTCATTTAAAGACATCAGGTTCATCTG,TTTTTTCTTCCTCGACCATC,mNGplate11_sorted_G3_SMARCA5-C
CCTGCCCACCTGTCGCCGCCCGCCCCGCGTGCGCTCCCCGCGCGGACTCGACACGCGGCGGCCTGTGCGGGCGGCCCGGCCTAACCGCGCCGCCGCGCGCGCAGGGCCAGTCCCCCGCGGCCCGGGGGCGGGCCTCTGACCTGAGTCGGAGCCGGTCTCCATGCCGCGGACGCTGCGCTCGGCGCCGCGAGGTGAGGGCTGTAGAGCGAGGCGTTCGGCGGGCCGGGCCCCGGGGAGCCGCGCGCCGCAGTCCGTGAGGGGCTGGGCCGAGCGGGCCCGGGCTGCCCTAGCGGCCGGGGGAAATCCTCGA,CCTGCCCACCTGTCGCCGCCCGCCCCGCGTGCGCTCCCCGCGCGGACTCGACACGCGGCGGCCTGTGCGGGCGGCCCGGCCTAACCGCGCCGCCGCGCGCGCAGGGCCAGTCCCCCGCGGCCCGGGGGCGGGCCTCTGACCTGAGTCGGAGCCGGTCTCACCACTTCCTGGACCTTGAAACAAAACTTCCAATCCGCCACCCATCATATCGGTAAAGGCCTTTTGCCACTCCTTGAAGTTGAGCTCGGTCATGCCGCGGACGCTGCGCTCGGCGCCGCGAGGTGAGGGCTGTAGAGCGAGGCGTTCGGCGGGCCGGGCCCCGGGGAGCCGCGCGCCGCAGTCCGTGAGGGGCTGGGCCGAGCGGGCCCGGGCTGCCCTAGCGGCCGGGGGAAATCCTCGA,AGCGTCCGCGGCATGGAGAC,mNGplate11_sorted_G4_KIAA0368-N
CAATGCTAGTTCCTGGTAATTGTTTATGATCAGACCTGGAGGGAGAACAAGGCGCCCCCTCCCCTCCCCAAGCCCCAGCACAGCCCCGATGGGAGGGGTAGGGTAGAGAGATGAGGGTGGGAGGCAGGGAGGCAGGAGGGCCTACTGGGTCTTCTTATCTTCCGGTGGGTAGTAGGGAGGTGGCGGCGGCTGGCTCTAAAGAAGGGAGAAAGGAGAGACTTGCATTAGAAGGTTTAAAACATGGTGCGGTCAT,CAATGCTAGTTCCTGGTAATTGTTTATGATCAGACCTGGAGGGAGAACAAGGCGCCCCCTCCCCTCCCCAAGCCCCAGCACAGCCCCGATGGGAGGGGTAGGGTAGAGAGATGAGGGTGGGAGGCAGGGAGGCAGGAGGGCCTACATCATATCGGTAAAGGCCTTTTGCCACTCCTTGAAGTTGAGCTCGGTACCACTTCCTGGACCTTGAAACAAAACTTCCAATCCGCCACCCTGGGTCTTCTTATCTTCCGGTGGGTAGTAGGGAGGTGGCGGCGGCTGGCTCTAAAGAAGGGAGAAAGGAGAGACTTGCATTAGAAGGTTTAAAACATGGTGCGGTCAT,GGGAGGCAGGAGGGCCTACT,mNGplate11_sorted_G5_WBP2-C
AGGAGGACTCAGAACCTCCGGGAAAGAATCCCCACACTGCGACAACCACCAATGGGACCAGTGGTACCAACGGGTATCTCCTGACTGGCTCCTGCTCCATGGATGATTAATTACTCAAAACTACAAGTCCCAAGCAAAGTGAACTATTTGTTCCTGGAAGTATTTAATAAGTTGCAAATGCAGTTCCTTTCATAATATCTCAGCACCAGAAACAAAAATTAAGATTATCAAAGCATTTTGAATAGTGCACTGC,AGGAGGACTCAGAACCTCCGGGAAAGAATCCCCACACTGCGACAACCACCAATGGGACCAGTGGTACCAACGGGTATCTCCTGACTGGCTCCTGCTCCATGGATGATGGTGGCGGATTGGAAGTTTTGTTTCAAGGTCCAGGAAGTGGTACCGAGCTCAACTTCAAGGAGTGGCAAAAGGCCTTTACCGATATGATGTAATTACTCAAAACTACAAGTCCCAAGCAAAGTGAACTATTTGTTCCTGGAAGTATTTAATAAGTTGCAAATGCAGTTCCTTTCATAATATCTCAGCACCAGAAACAAAAATTAAGATTATCAAAGCATTTTGAATAGTGCACTGC,TTTGAGTAATTAATCATCCA,mNGplate11_sorted_G6_CERS6-C
GTCTTAGCCCGCTCTTCTGGCCCCGCCCCGCGCTACGCGTAGGGAGGCGGGGCCTCGGGGCGAGACGCCGGAGCGTGTCCCCGTCCGGCAGACTACTCTCCCCCATGGCGGACTTCGCTGGGCCGTCTTCTGCCGGCCGCAAGGCCGGGGCTCCCCGCTGCTCTCGAAAAGCCGCAGGTAGGAGCAAGGATCTCTTCCCACTTTTGGACCCTGAAAGCTGGGCCCCGATCTCGAGTTATAGACCGCAGCG,GTCTTAGCCCGCTCTTCTGGCCCCGCCCCGCGCTACGCGTAGGGAGGCGGGGCCTCGGGGCGAGACGCCGGAGCGTGTCCCCGTCCGGCAGACTACTCTCCCCCATGACCGAGCTCAACTTCAAGGAGTGGCAAAAGGCCTTTACCGATATGATGGGTGGCGGATTGGAAGTTTTGTTTCAAGGTCCAGGAAGTGGTGCGGACTTCGCTGGGCCGTCTTCTGCCGGCCGCAAGGCCGGGGCTCCCCGCTGCTCTCGAAAAGCCGCAGGTAGGAGCAAGGATCTCTTCCCACTTTTGGACCCTGAAAGCTGGGCCCCGATCTCGAGTTATAGACCGCAGCG,GGCCCAGCGAAGTCCGCCAT,mNGplate11_sorted_G7_RPAP2-N
CTCATACCACCCCCAGATCCGAAACCCCGCCAAGCTCAAGCGGGCAAAGAAGAAGCAGCTGCGCTCCATTGAGAAGCGGGACACCCTGGCCCTGCTGCAGAAGCAGCCGCCCCAGCAGCCGGCAGCCAAGATCTGAGCTCAGGACGGCCCGAGGCCTTCCATGGCCAACAACCATGTCAGACACAGCACCTCAGGCCGCTGCTCAGATGCCTCTGCTGGAGCTGGCACTCCAAACCCATGGCTCCAGAACAGGGAC,CTCATACCACCCCCAGATCCGAAACCCCGCCAAGCTCAAGCGGGCAAAGAAGAAGCAGCTGCGCTCCATTGAGAAGCGGGACACCCTGGCCCTGCTGCAGAAGCAGCCGCCCCAGCAGCCGGCAGCCAAGATCGGTGGCGGATTGGAAGTTTTGTTTCAAGGTCCAGGAAGTGGTACCGAGCTCAACTTCAAGGAGTGGCAAAAGGCCTTTACCGATATGATGTGAGCTCAGGACGGCCCGACCCCTTCCATGGCCAACAACCATGTCAGACACAGCACCTCAGGCCGCTGCTCAGATGCCTCTGCTGGAGCTGGCACTCCAAACCCATGGCTCCAGAACAGGGAC,TCTGAGCTCAGGACGGCCCG,mNGplate11_sorted_G8_CCDC86-C
CCAGGGTGTGTGTCAGGAGGTGACGGCTGGAGCCTCGTGGGCGGGTGAAGTGTGTCTGCTGGGTCAGCACTGCCCAGATCTGCCATCGTGTTCGGACCCCATCCCTGCAGGAGCTGGGGCAGGTGGAGATGGTCTAGTCCTCCTGGGGCCTCTCCACAGTGAGAAACGTGTCCAGGACTGTGGCCTGCCGCTCGGGGTCGCCTAGGGGCTGCTTCTCGTGGCTCTGCTCAGCCCTTGTCCTCGTCCAGGA,CCAGGGTGTGTGTCAGGAGGTGACGGCTGGAGCCTCGTGGGCGGGTGAAGTGTGTCTGCTGGGTCAGCACTGCCCAGATCTGCCATCGTGTTCGGACCCCATCCCTGCAGGAGCTGGGGCAGGTGGAGATGGTCTACATCATATCGGTAAAGGCCTTTTGCCACTCCTTGAAGTTGAGCTCGGTACCACTTCCTGGACCTTGAAACAAAACTTCCAATCCGCCACCGTCCTCCTGGGGCCTCTCCACAGTGAGAAACGTGTCCAGGACTGTGGCCTGCCGCTCGGGGTCGCCTAGGGGCTGCTTCTCGTGGCTCTGCTCAGCCCTTGTCCTCGTCCAGGA,TGGAGATGGTCTAGTCCTCC,mNGplate11_sorted_G9_DBNDD1-C
CCCTTTCCAGATGATTGACATTTTCTGCTCGGCAGAGTTCAGGGACTGGAATTGCAAGAGTATTTTCATGCGTGTTGAAGATGAACTGGAAATCCCTCCGGCACCTCAATCTCAACATTTCCAAAACTGAACTCATCACCCCTCTTCCCCCACCACCAAAACTGCTCCTCCTCCTGTATTCCTGACCTCCGCCATCCACCCCGTTGCTCAAGCCGGAAACTCGGCAGCCCTTCCAAACTCTTCCCTCTCTCACTCCC,CCCTTTCCAGATGATTGACATTTTCTGCTCGGCAGAGTTCAGGGACTGGAATTGCAAGAGTATTTTCATGCGTGTTGAAGATGAACTGGAAATCCCTCCGGCACCTCAATCTCAACATTTCCAAAACGGTGGCGGATTGGAAGTTTTGTTTCAAGGTCCAGGAAGTGGTACCGAGCTCAACTTCAAGGAGTGGCAAAAGGCCTTTACCGATATGATGTGAACTCATCACCCCTCTTCCCCCACCACCAAAACTGCTCCTCCTCCTGTATTCCTGACCTCCGCCATCCACCCCGTTGCTCAAGCCGGAAACTCGGCAGCCCTTCCAAACTCTTCCCTCTCTCACTCCC,AGGGGTGATGAGTTCAGTTT,mNGplate11_sorted_G10_ST7-C
GACCAGGAACCCTACCTCTCAGCGATGTAAAGGGTACCAGTGCCGAGGCCCTTCCCGTTCAGCACAGCCTCAGTGTCTGGCTGCTGCCGCAGGAGCCCCTCCGCTGGCCCAGGCGGCGGGAAACTTTTGAGGAAGCTCATAGCAGCAGAGTGCGGCAACACAGGCCCTGAGGGAGTTGGAGCACAGCAATGCGTGCACCACACCGCCCGCCCTGGAAGAGGCAGTCACCCCGGAAGAACAACTTAGTCTG,GACCAGGAACCCTACCTCTCAGCGATGTAAAGGGTACCAGTGCCGAGGCCCTTCCCGTTCAGCACAGCCTCAGTGTCTGGCTGCTGCCGCAGGAGCCCCTCCGCTGGCCCAGGCGGCGGGAAACTTTTGAGAAAGCTACCACTTCCTGGACCTTGAAACAAAACTTCCAATCCGCCACCCATCATATCGGTAAAGGCCTTTTGCCACTCCTTGAAGTTGAGCTCGGTCATAGCAGCAGAGTGCGGCAACACAGGCCCTGAGGGAGTTGGAGCACAGCAATGCGTGCACCACACCGCCCGCCCTGGAAGAGGCAGTCACCCCGGAAGAACAACTTAGTCTG,CAGGCGGCGGGAAACTTTTG,mNGplate11_sorted_G11_CLNS1A-N
GAATTTGAACAGCATCTCCGTACGGAAGTTTTCCTTAGGGAAAAATGTTTTAAACACTTCTAAGATTAGAATTCTGACCATTTCTTTGTTTTATGTTATAGTGAAAATGCCTCGTGTAAAAGCAGCTCAAGCTGGAAGACAGAGCTCTGCAAAGAGACATCTTGCAGAACAATTTGCAGTTGGAGAGATAATAACTGACATGGCAAAAAAGGAATGGAAAGTAGGATTACCCATTGGCCAAGGAGGCTTTGGCTGTATAT,GAATTTGAACAGCATCTCCGTACGGAAGTTTTCCTTAGGGAAAAATGTTTTAAACACTTCTAAGATTAGAATTCTGACCATTTCTTTGTTTTATGTTATAGTGAAAATGACCGAGCTCAACTTCAAGGAGTGGCAAAAGGCCTTTACCGATATGATGGGTGGCGGATTGGAAGTTTTGTTTCAAGGTCCAGGAAGTGGTCCTAGGGTGAAGGCCGCTCAAGCTGGAAGACAGAGCTCTGCAAAGAGACATCTTGCAGAACAATTTGCAGTTGGAGAGATAATAACTGACATGGCAAAAAAGGAATGGAAAGTAGGATTACCCATTGGCCAAGGAGGCTTTGGCTGTATAT,GCTTGAGCTGCTTTTACACG,mNGplate11_sorted_G12_VRK1-N
CCCAACAGAGACTTTTGGTTTCTAATGCAAACCAGACAGTACCCGATCGATCAGATCGATCGGGAACTGATCGATCAGTAGCAGGGGGTGGAACAGTGAGTGTCAGTGTCAGATCTAGAAGGCCTGATGGACAGTGCACAGTAACTGAAGTTTAAATAAAAATGTCTTCAGCTCCATGCTCAAGGTTGAAAGGGTTACCTGTAAATTTCTGCCCACATAACATTATACTCATCCCTAGTAGTGCATTTTGGGAGTTGG,CCCAACAGAGACTTTTGGTTTCTAATGCAAACCAGACAGTACCCGATCGATCAGATCGATCGGGAACTGATCGATCAGTAGCAGGGGGTGGAACAGTGAGTGTCAGTGTCAGATCTAGAAGGCCTGACGGTCAATGTACCGTTACTGAAGTTGGTGGCGGATTGGAAGTTTTGTTTCAAGGTCCAGGAAGTGGTACCGAGCTCAACTTCAAGGAGTGGCAAAAGGCCTTTACCGATATGATGTAAATAAAAATGTCTTCAGCTCCATGCTCAAGGTTGAAAGGGTTACCTGTAAATTTCTGCCCACATAACATTATACTCATCCCTAGTAGTGCATTTTGGGAGTTGG,GTTACTGTGCACTGTCCATC,mNGplate11_sorted_H1_RNF146-C
TCCAGGGAAGTTGGGAAAAGCCCTGCCCTCACTCACCCAGAGTGTCAGAGCCGCTCTCCACCGTCTCGTTGACCTTCCTTGCTACTCTGGCCACGGCCTCACCCATCTTCTTCAGCATGCAGACACAGGTGTCCTGCCGCCAGCCCCCAGGCTGGTCTGCTTCTCACAAAAGGGCCTGAGCCTGGGGAAGACGCAGTGCCATGAAGTGCCCGCCTGCCAGCCAGGGGCCCACCCAGGCATCCCCCTCCAGCATCCT,TCCAGGGAAGTTGGGAAAAGCCCTGCCCTCACTCACCCAGAGTGTCAGAGCCGCTCTCCACCGTCTCGTTGACCTTCCTTGCTACTCTGGCCACGGCCTCACCCATTTTTTTTAAACCACTTCCTGGACCTTGAAACAAAACTTCCAATCCGCCACCCATCATATCGGTAAAGGCCTTTTGCCACTCCTTGAAGTTGAGCTCGGTCATGCAGACACAGGTGTCCTGCCGCCAGCCCCCAGGCTGGTCTGCTTCTCACAAAAGGGCCTGAGCCTGGGGAAGACGCAGTGCCATGAAGTGCCCGCCTGCCAGCCAGGGGCCCACCCAGGCATCCCCCTCCAGCATCCT,GTCTGCATGCTGAAGAAGAT,mNGplate11_sorted_H2_LRRC20-N
ACGCAGTCCGTCAGAGTCCCAAAGGCCTCAAAGTGGCCGCGCAGGCCCGACTCACTCGTCTGCACATTGAGGCCGCCGATGAACAGCTTACACAACTGAGAATTCTCCATCTCCAAGGCCCGGGCCTTGCCCCCGCCCTGCGAGCTCCGAGGTTTCGCCGTCGCCGCCGTTATCGTTGGTTAAGGCCTCTACACAGCTTGGGCCCAGCCGTTGCTGGAGCCACCCCCGCCGCTCACCGACGGGGAAGGGAAAAAGGGAAG,ACGCAGTCCGTCAGAGTCCCAAAGGCCTCAAAGTGGCCGCGCAGGCCCGACTCACTCGTCTGCACATTGAGGCCGCCGATGAACAGCTTACACAACTGAGAATTCTCACCACTTCCTGGACCTTGAAACAAAACTTCCAATCCGCCACCCATCATATCGGTAAAGGCCTTTTGCCACTCCTTGAAGTTGAGCTCGGTCATTTCCAAGGCCCGGGCCTTGCCCCCGCCCTGCGAGCTCCGAGGTTTCGCCGTCGCCGCCGTTATCGTTGGTTAAGGCCTCTACACAGCTTGGGCCCAGCCGTTGCTGGAGCCACCCCCGCCGCTCACCGACGGGGAAGGGAAAAAGGGAAG,CAAGGCCCGGGCCTTGGAGA,mNGplate11_sorted_H3_HNRNPA0-N
TCAGGCGTCTCCGCGTACGGCCAGGCCACCTCGACGGCCTCGAAGCCCGAGCTGCCCGCGGCCCGCACCCGCGCGGGGAGGCCGGAGAGCTCGGGGAATAGCCAGGACAGATTGGCGGAGAAGCGCAGCGGCGCCATGCCTGGGGAGGCCGGGCCGGGCGGAGTCCGCGGGATCCAAAGGCGGCGGGCGGCGGGCGGCGGGCGGCGGGCGGGGGCGGGGCTCTCCTTGCTGGCCCTGCGAACGAACGAGCACTGTTCGTGGTTAGAAA,TCAGGCGTCTCCGCGTACGGCCAGGCCACCTCGACGGCCTCGAAGCCCGAGCTGCCCGCGGCCCGCACCCGCGCGGGGAGGCCGGAGAGCTCGGGGAATAGCCAGGACAGATTGGCGGAGAAGCGCAGCGGCGCACCACTTCCTGGACCTTGAAACAAAACTTCCAATCCGCCACCCATCATATCGGTAAAGGCCTTTTGCCACTCCTTGAAGTTGAGCTCGGTCATGCCTGGGGAGGCCGGGCCGGGCGGAGTCCGCGGGATCCAAAGGCGGCGGGCGGCGGGCGGCGGGCGGCGGGCGGGGGCGGGGCTCTCCTTGCTGGCCCTGCGAACGAACGAGCACTGTTCGTGGTTAGAAA,AAGCGCAGCGGCGCCATGCC,mNGplate11_sorted_H4_HYI-N
CAGTGAGGAGCCAGATCTCAGCAGTTGGGGGGCATTTCTTCACACCCCTCCTCAGTCTTCATGCTCTTCCCCACAGCTCTAATGGTACCAAGTGACAGGTTGGCTTTACTGTGACTCGGGGACGCCAGAGCTCCTGAGAAGATGTCAGCAATACAGGTACCACAGGGGTGAGGGTCTGGGACATGCAAGCATTCCCACCAGCCCCAGCGGGGTGCTTAGCAGAGGAGAGAGGATGCAGCTTAGATCAACCCACT,CAGTGAGGAGCCAGATCTCAGCAGTTGGGGGGCATTTCTTCACACCCCTCCTCAGTCTTCATGCTCTTCCCCACAGCTCTAATGGTACCAAGTGACAGGTTGGCTTTACTGTGACTCGGGGACGCCAGAGCTCCTGAGAAGATGACCGAGCTCAACTTCAAGGAGTGGCAAAAGGCCTTTACCGATATGATGGGTGGCGGATTGGAAGTTTTGTTTCAAGGTCCAGGAAGTGGTTCTGCTATTCAGGTACCACAGGGGTGAGGGTCTGGGACATGCAAGCATTCCCACCAGCCCCAGCGGGGTGCTTAGCAGAGGAGAGAGGATGCAGCTTAGATCAACCCACT,TGAGAAGATGTCAGCAATAC,mNGplate11_sorted_H5_CSK-N
GTAACCCCGCAGCTCCAGCGTCGCGCTTCCGGGCGGACGAGCAGCGCGCTCCAGTGACGTCACGGCGCCACTTTCCGGCCGGTGACAGAGTCCAGCGGAGTTGTGGGGGCCGGGGGCGCCATGGGAGCCACTGGCGACGCCGAGCAGCCGCGGGGACCTAGCGGGGCCGAGAGGGGCGGCTTGGAGCTGGGGGATGCGGGCGCAGCGGGGCAGCTGGTTCTTACGGTGAGGGCGCCCCCGGTGAGGTCTGGGCTCAGGC,GTAACCCCGCAGCTCCAGCGTCGCGCTTCCGGGCGGACGAGCAGCGCGCTCCAGTGACGTCACGGCGCCACTTTCCGGCCGGTGACAGAGTCCAGCGGAGTTGTGGGGGCCGGGGGCGCCATGACCGAGCTCAACTTCAAGGAGTGGCAAAAGGCCTTTACCGATATGATGGGTGGCGGATTGGAAGTTTTGTTTCAAGGTCCAGGAAGTGGTGGAGCCACTGGCGACGCCGAGCAGCCGCGGGGACCTAGCGGGGCCGAGAGGGGCGGCTTGGAGCTGGGGGATGCGGGCGCAGCGGGGCAGCTGGTTCTTACGGTGAGGGCGCCCCCGGTGAGGTCTGGGCTCAGGC,GGCGTCGCCAGTGGCTCCCA,mNGplate11_sorted_H6_DNTTIP1-N
CTGCTGGGGCGTAGGTGTCGGGGACGCGCGCACGGGCGCGCGCAGCTGTTGACGCGCTTCTTAGCTGGTGCGCGCCGGAGCCCAAATTCCAAGTGGAAACTGCAGGCGCACGAGGGAGGAACGCGTGGAGCATGAAAAGGCAGGGGGCCTCCTCTGAGCGAAAACGAGCGCGGATACCGTCCGGGAAGGCCGGTGCGGAAGGTGGCGGGGGAGGGGACGGTCGGCCGAAGGCTCCCCGGGGCGGGCCGGCGGGAGTCGTAGTCAGTGGTG,CTGCTGGGGCGTAGGTGTCGGGGACGCGCGCACGGGCGCGCGCAGCTGTTGACGCGCTTCTTAGCTGGTGCGCGCCGGAGCCCAAATTCCAAGTGGAAACTGCAGGCGCACGAGGGAGGAACGCGTGGAGCACGACCGAGCTCAACTTCAAGGAGTGGCAAAAGGCCTTTACCGATATGATGGGTGGCGGATTGGAAGTTTTGTTTCAAGGTCCAGGAAGTGGTAAAAGGCAGGGGGCCTCCTCTGAGCGAAAACGAGCGCGGATACCGTCCGGGAAGGCCGGTGCGGAAGGTGGCGGGGGAGGGGACGGTCGGCCGAAGGCTCCCCGGGGCGGGCCGGCGGGAGTCGTAGTCAGTGGTG,GGAACGCGTGGAGCATGAAA,mNGplate11_sorted_H7_CUTC-N
AGAAGCACACCTCTCCCTGAGGCCTTGCAAGTAAAGATGAAACAATGCGATGACTGAACTAAGTGGCTTTTTTATTAGAGAAAGCCAGAATTACAAAAGACTTAAGAGTTGGCATTGGGGCCCTTCTTCTTGCCAAAGGTGGGCACAACGTTGACAAAGCGCCGGTTGTACTGCATCCGCCGCTTAGCCCGACCTGTCTTCTTCTTCTTCTTCTCCTGTTTGGCCACCTGGAGAAGGGAAGGTTAATCAGG,AGAAGCACACCTCTCCCTGAGGCCTTGCAAGTAAAGATGAAACAATGCGATGACTGAACTAAGTGGCTTTTTTATTAGAGAAAGCCAGAATTACAAAAGACTTACATCATATCGGTAAAGGCCTTTTGCCACTCCTTGAAGTTGAGCTCGGTACCACTTCCTGGACCTTGAAACAAAACTTCCAATCCGCCACCAGAGTTGGCATTGGGTCCCTTCTTCTTGCCAAAGGTGGGCACAACGTTGACAAAGCGCCGGTTGTACTGCATCCGCCGCTTAGCCCGACCTGTCTTCTTCTTCTTCTTCTCCTGTTTGGCCACCTGGAGAAGGGAAGGTTAATCAGG,AGACTTAAGAGTTGGCATTG,mNGplate11_sorted_H8_FAU-C
TGGGATCCACTCCTGACTCTATCTTTGTCCCCCTAGAGTATGCAGAGAACATCGGGGACGGCCGGAGCCCGGAGTTCCGGGAGAACGAGCAAAAGCGCATCCTGGGCTTGCTGGAGAACTTCTAGAGGCACCTTGGCCCTGCGCATCATGGACTCTCTCAGCTTCCCTCCCAGGATCAGTTTCTACACAACTCTGTGTGGCTTTTGGACAAATTAAAGCTAGTTTTGGTATCCCCGGGCCAGTTTTCTTTGTAGT,TGGGATCCACTCCTGACTCTATCTTTGTCCCCCTAGAGTATGCAGAGAACATCGGGGACGGCCGGAGCCCGGAGTTCCGGGAGAACGAGCAAAAGCGCATCCTGGGCTTGCTGGAGAACTTCGGTGGCGGATTGGAAGTTTTGTTTCAAGGTCCAGGAAGTGGTACCGAGCTCAACTTCAAGGAGTGGCAAAAGGCCTTTACCGATATGATGTAGAGGCACCTTGGCCCTGCGCATCATGGACTCTCTCAGCTTCCCTCCCAGGATCAGTTTCTACACAACTCTGTGTGGCTTTTGGACAAATTAAAGCTAGTTTTGGTATCCCCGGGCCAGTTTTCTTTGTAGT,GCTTGCTGGAGAACTTCTAG,mNGplate11_sorted_H9_CTNNBL1-C
AGGGCACAAACAGAAGTACTGGAGGGAGAGGCCGGGCTCTCAGGAAGCAGCAGGCACGTGCCAGGTGGAAGCCAGCTGCAGGCAGGGGAGGAAGGAGGCCCTTACTCTTCCTTCTTGTCCATGGGACCATCTACTGCAGCCTGGAAAGGGACAGAAATCCCACAGCAGTAGGTTGGCCGGGTCCACTCCTCCCCTGCCACCTCCAGCCCCATGCCCCAGAGGTCCACCTCGGTTCCCCTCTCTCCTAACAACAGCT,AGGGCACAAACAGAAGTACTGGAGGGAGAGGCCGGGCTCTCAGGAAGCAGCAGGCACGTGCCAGGTGGAAGCCAGCTGCAGGCAGGGGAGGAAGGAGGCCCTTACTCTTCCTTCTTCATCATATCGGTAAAGGCCTTTTGCCACTCCTTGAAGTTGAGCTCGGTACCACTTCCTGGACCTTGAAACAAAACTTCCAATCCGCCACCGTCCATGGGACCATCTACTGCAGCCTGGAAAGGGACAGAAATCCCACAGCAGTAGGTTGGCCGGGTCCACTCCTCCCCTGCCACCTCCAGCCCCATGCCCCAGAGGTCCACCTCGGTTCCCCTCTCTCCTAACAACAGCT,AGATGGTCCCATGGACAAGA,mNGplate11_sorted_H10_BCAP31-C
CTTTACCCGTCTCCCTCCTGGCGCTTGTCCTCCTCTCCCAGTCGGCACCACAGCGGTGGCTGCCGGGCGTGGTGTCGGTGGGTCGGTTGGTTTTTGTCTCACCGTTGGTGTCCGTGCCGTTCAGTTGCCCGCCATGGCTGAGCTGGATCCGTTCGGCGCCCCTGCCGGCGCCCCTGGCGGTCCCGCGCTGGGGAACGGAGTGGCCGGCGCCGGCGAAGAAGACCCGGCTGCGGCCTTCTTGGCGCAGCAAGAGAG,CTTTACCCGTCTCCCTCCTGGCGCTTGTCCTCCTCTCCCAGTCGGCACCACAGCGGTGGCTGCCGGGCGTGGTGTCGGTGGGTCGGTTGGTTTTTGTCTCACCGTTGGTGTCCGTGCCGTTCAGTTGCCCGCCATGACCGAGCTCAACTTCAAGGAGTGGCAAAAGGCCTTTACCGATATGATGGGTGGCGGATTGGAAGTTTTGTTTCAAGGTCCAGGAAGTGGTGCTGAGCTGGATCCGTTCGGCGCCCCTGCCGGCGCCCCTGGCGGTCCCGCGCTGGGGAACGGAGTGGCCGGCGCCGGCGAAGAAGACCCGGCTGCGGCCTTCTTGGCGCAGCAAGAGAG,GAACGGATCCAGCTCAGCCA,mNGplate11_sorted_H11_CLTA-N
