sample_id,amplicon_seq,guide_seq
SafeHarbor_A1,GCACCATTTTAGGAGTGTAAGGCCCACTCAAACGCAAATAATATAA,TTATATTATTTGCGTTTGAG
SafeHarbor_A2,TAAGGCCCACTCAAACGCAAATAATATAAAAAAGTAACATACAGAGTGCTGTTAGGAAGAGAGGAAACATTCTCTGACCTTGTGAAGGCTCATTTCTAGGCTAGAAAAGTGTAATTGGCTATATATAAAAATAATGTTTTCAGATATGTTCAGGGTGAATTTAGAGTGAGCTTTCTTCCAGCACTCTGCGATCCACTGGTAGTCTGGCATGTTTAGGGCC,ACCAGTGGATCGCAGAGTGC
SafeHarbor_A3,TAAGGCCCACTCAAACGCAAATAATATAAAAAAGTAACATACAGAGTGCTGTTAGGAAGAGAGGAAACATTCTCTGACCTTGTGAAGGCTCATTTCTAGGCTAGAAAAGTGTAATTGGCTATATATAAAAATAATGTTTTCAGATATGTTCAGGGTGAATTTAGAGTGAGCTTTCTTCCAGCACTCTGCGATCCACTGGTAGTCTGGCATGTTTAGGGCCTGGACCCTTGGGAAAAT,TAAACATGCCAGACTACCAG
SafeHarbor_A4,TAAGGCCCACTCAAACGCAAATAATATAAAAAAGTAACATACAGAGTGCTGTTAGGAAGAGAGGAAACATTCTCTGACCTTGTGAAGGCTCATTTCTAGGCTAGAAAAGTGTAATTGGCTATATATAAAAATAATGTTTTCAGATATGTTCAGGGTGAATTTAGAGTGAGCTTTCTTCCAGCACTCTGCGATCCACTGGTAGTCTGGCATGTTTAGGGCCTGGACCCTTGGGAAAAT,TCTGCGATCCACTGGTAGTC
SafeHarbor_A5,ACTTGAAGCACTGCCTTCTTTAAAAACGAAATTGCTTTGATAACTACATGTACCTTATTGTATTCTTACAAACATGTAGAAATTAAATGGCCCCACAATGTAGACGGTTAGAAATAAACATTAAAAAAGACCAAATAAAATAAGCACAATAATATGCTTCTACTTAAATGCATTCAGGAGGCATTAACTCTCTGC,TTCTAACCGTCTACATTGTG
SafeHarbor_A6,ACTTGAAGCACTGCCTTCTTTAAAAACGAAATTGCTTTGATAACTACATGTACCTTATTGTATTCTTACAAACATGTAGAAATTAAATGGCCCCACAATGTAGACGGTTAGAAATAAACATTAAAAAAGACCAAATAAAATAAGCACAATAATATGCTTCTACTTAAATGCATTCAGGAGGCATTAACTCTCTGC,TTTCTAACCGTCTACATTGT
SafeHarbor_A7,ACTTGAAGCACTGCCTTCTTTAAAAACGAAATTGCTTTGATAACTACATGTACCTTATTGTATTCTTACAAACATGTAGAAATTAAATGGCCCCACAATGTAGACGGTTAGAAATAAACATTAAAAAAGACCAAATAAAATAAGCACAATAATATGCTTCTACTTAAATGCATTCAGGAGGCATTAACTCTCTGC,ATTTCTAACCGTCTACATTG
SafeHarbor_A8,ATGGCCCCACAATGTAGACGGTTAGAAATAAACATTAAAAAAGACCAAATAAAATAAGCACAATAATATGCTTCTACTTAAATGCATTCAGGAGGCATTAACTCTCTGCTTCGTATTTGGAAGATTTTCTACATTTGAATATTCTTTCTACATCTTTGCAAAAGGTCCTTTATTAATCTTGGAAACAATGTTCAACTAATATTGTTCTGGTGGGTGACC,TTAACTCTCTGCTTCGTATT
SafeHarbor_A9,ACCTAGATTTCACATGGTCCAACAATTCAAACTGAAGTCTCATTTTCCTCTTGAGGAGTGTTCTAATGTTTAATGATACCTTTTCCTGATGGTGTCTATACAAAGGAAGACCTTCAGGTATTAAAGGATCTAACGTGTTAGAGAAAGATATGTTAAACCGAAACTTCTTTAAGTTTTTTTTTTTAATAGAATTTTATCCAATACTTGTGTACCTCTCACAGCAACTCAGA,TTAGATCCTTTAATACCTGA
SafeHarbor_A10,ACCTAGATTTCACATGGTCCAACAATTCAAACTGAAGTCTCATTTTCCTCTTGAGGAGTGTTCTAATGTTTAATGATACCTTTTCCTGATGGTGTCTATACAAAGGAAGACCTTCAGGTATTAAAGGATCTAACGTGTTAGAGAAAGATATGTTAAACCGAAACTTCTTTAAGTTTTTTTTTTTAATAGAATTTTATCCAATACTTGTGTACCTCTCACAGCAACTCAGA,CTATACAAAGGAAGACCTTC
SafeHarbor_A11,ACCTAGATTTCACATGGTCCAACAATTCAAACTGAAGTCTCATTTTCCTCTTGAGGAGTGTTCTAATGTTTAATGATACCTTTTCCTGATGGTGTCTATACAAAGGAAGACCTTCAGGTATTAAAGGATCTAACGTGTTAGAGAAAGATATGTTAAACCGAAACTTCTTTAAGTTTTTTTTTTTAATAGAATTTTATCCAATACTTGTGTACCTCTCACAGCAACTCAGA,GGAAGACCTTCAGGTATTAA
SafeHarbor_A12,ACCTAGATTTCACATGGTCCAACAATTCAAACTGAAGTCTCATTTTCCTCTTGAGGAGTGTTCTAATGTTTAATGATACCTTTTCCTGATGGTGTCTATACAAAGGAAGACCTTCAGGTATTAAAGGATCTAACGTGTTAGAGAAAGATATGTTAAACCGAAACTTCTTTAAGTTTTTTTTTTTAATAGAATTTTATCCAATACTTGTGTACCTCTCACAGCAACTCAGAATATTGCTATTTCAGAATTGCATATGGGA,TGTGAGAGGTACACAAGTAT
SafeHarbor_B1,GCTGACTTTTCCTCCGAGCTCCACCCACGGGATGGTGAGAATGGACCGGGCGTAGGCACTAGGCAGGGTGAATACGTACTCCTCCCCGTGTTCCAGGAGCCTCAACACACCTCCAGGGAGAGAGGAGGGAGAGTTAGGCATGCAAACATGTGAAGAGGGCACTGGGGATCAGAAGAAATGAAGATGGGAAACCAAAGAGCCTCCTGCACAGA,CATTCTCACCATCCCGTGGG
SafeHarbor_B2,GCTGACTTTTCCTCCGAGCTCCACCCACGGGATGGTGAGAATGGACCGGGCGTAGGCACTAGGCAGGGTGAATACGTACTCCTCCCCGTGTTCCAGGAGCCTCAACACACCTCCAGGGAGAGAGGAGGGAGAGTTAGGCATGCAAACATGTGAAGAGGGCACTGGGGATCAGAAGAAATGAAGATGGGAAACCAAAGAGCCTCCTGCACAGA,GGTGAGAATGGACCGGGCGT
SafeHarbor_B3,GCTGACTTTTCCTCCGAGCTCCACCCACGGGATGGTGAGAATGGACCGGGCGTAGGCACTAGGCAGGGTGAATACGTACTCCTCCCCGTGTTCCAGGAGCCTCAACACACCTCCAGGGAGAGAGGAGGGAGAGTTAGGCATGCAAACATGTGAAGAGGGCACTGGGGATCAGAAGAAATGAAGATGGGAAACCAAAGAGCCTCCTGCACAGA,ATGGACCGGGCGTAGGCACT
SafeHarbor_B4,GCTGACTTTTCCTCCGAGCTCCACCCACGGGATGGTGAGAATGGACCGGGCGTAGGCACTAGGCAGGGTGAATACGTACTCCTCCCCGTGTTCCAGGAGCCTCAACACACCTCCAGGGAGAGAGGAGGGAGAGTTAGGCATGCAAACATGTGAAGAGGGCACTGGGGATCAGAAGAAATGAAGATGGGAAACCAAAGAGCCTCCTGCACAGA,ACCGGGCGTAGGCACTAGGC
SafeHarbor_B5,GGAGACAAAATGTGAACCTGTGGTTATTACCTTAGTATTTAAGAAGGAGAGCAAGTGACTAGATATCTCTCATATGTCCTGAAGTCAAACAAAACCTCTTTGGTAGGAAGATGTCTGAAGAAAATAACACAGGCTTTCTGTCTTTGCTTATGTATTGGACAGTACTAGGATACTTCAAGGGTAACTTTGAGGAATCCTTTGCATAACCTCAAAATGAAGTGGGGCA,CAGACATCTTCCTACCAAAG
SafeHarbor_B6,GGAGACAAAATGTGAACCTGTGGTTATTACCTTAGTATTTAAGAAGGAGAGCAAGTGACTAGATATCTCTCATATGTCCTGAAGTCAAACAAAACCTCTTTGGTAGGAAGATGTCTGAAGAAAATAACACAGGCTTTCTGTCTTTGCTTATGTATTGGACAGTACTAGGATACTTCAAGGGTAACTTTGAGGAATCCTTTGCATAACCTCAAAATGAAGTGGGGCA,CTTATGTATTGGACAGTACT
SafeHarbor_B7,GGAGACAAAATGTGAACCTGTGGTTATTACCTTAGTATTTAAGAAGGAGAGCAAGTGACTAGATATCTCTCATATGTCCTGAAGTCAAACAAAACCTCTTTGGTAGGAAGATGTCTGAAGAAAATAACACAGGCTTTCTGTCTTTGCTTATGTATTGGACAGTACTAGGATACTTCAAGGGTAACTTTGAGGAATCCTTTGCATAACCTCAAAATGAAGTGGGGCA,GACAGTACTAGGATACTTCA
SafeHarbor_B8,GGAGACAAAATGTGAACCTGTGGTTATTACCTTAGTATTTAAGAAGGAGAGCAAGTGACTAGATATCTCTCATATGTCCTGAAGTCAAACAAAACCTCTTTGGTAGGAAGATGTCTGAAGAAAATAACACAGGCTTTCTGTCTTTGCTTATGTATTGGACAGTACTAGGATACTTCAAGGGTAACTTTGAGGAATCCTTTGCATAACCTCAAAATGAAGTGGGGCA,ACAGTACTAGGATACTTCAA
SafeHarbor_B9,TGGCCCTTTTGCTGTCTGATAGCAACCTGTTTTCATAGCACATGTACTCCAGGAAACCCAGAACCACCCTGTCAAGAACTAGTAATGATGCTTCTGTTGCAAAATCTGCCTTTCTTCCACTGCCTGCTCACTTCTGAAAAAATAACCAACCTATGACATATCAGGGCAGGTCATCCATGTTCTAGCTCAGGGCTCGATGTTCTCCTGTACTGTGTATGACAAGGGTCTCTCAGGATTGGGCATTTTGTCAGCCACCCCAACCAAAAGAA,TTTCATAGCACATGTACTCC
SafeHarbor_B10,TGGCCCTTTTGCTGTCTGATAGCAACCTGTTTTCATAGCACATGTACTCCAGGAAACCCAGAACCACCCTGTCAAGAACTAGTAATGATGCTTCTGTTGCAAAATCTGCCTTTCTTCCACTGCCTGCTCACTTCTGAAAAAATAACCAACCTATGACATATCAGGGCAGGTCATCCATGTTCTAGCTCAGGGCTCGATGTTCTCCTGTACTGTGTATGACAAGGGTCTCTCAGGATTGGGCATTTTGTCAGCCACCCCAACCAAAAGAA,AGTTCTTGACAGGGTGGTTC
SafeHarbor_B11,TGGCCCTTTTGCTGTCTGATAGCAACCTGTTTTCATAGCACATGTACTCCAGGAAACCCAGAACCACCCTGTCAAGAACTAGTAATGATGCTTCTGTTGCAAAATCTGCCTTTCTTCCACTGCCTGCTCACTTCTGAAAAAATAACCAACCTATGACATATCAGGGCAGGTCATCCATGTTCTAGCTCAGGGCTCGATGTTCTCCTGTACTGTGTATGACAAGGGTCTCTCAGGATTGGGCATTTTGTCAGCCACCCCAACCAAAAGAA,ATTACTAGTTCTTGACAGGG
SafeHarbor_B12,TGGCCCTTTTGCTGTCTGATAGCAACCTGTTTTCATAGCACATGTACTCCAGGAAACCCAGAACCACCCTGTCAAGAACTAGTAATGATGCTTCTGTTGCAAAATCTGCCTTTCTTCCACTGCCTGCTCACTTCTGAAAAAATAACCAACCTATGACATATCAGGGCAGGTCATCCATGTTCTAGCTCAGGGCTCGATGTTCTCCTGTACTGTGTATGACAAGGGTCTCTCAGGATTGGGCATTTTGTCAGCCACCCCAACCAAAAGAA,CATCATTACTAGTTCTTGAC
SafeHarbor_C1,GACTCCCATTGACCAGCGAAAAGAAAAATGTTTGGTTAAAAGCACTTACAGTTTGATTGCTGACAAGAGTAAAAGGAAAGTCAAATTATGGGGCCCACCAACGCAGCGAAATGGGCAGCAGAGAAGGACAAGAGATTTTCCCACCTCTTGGCTTCGTCTTAACCCTATAACTGTTATAGCTAAGGCAGGAGGGCTGGTGGGAACACACTTACCTGTGTCTGTCATAGGCATCCTTAGTTCTCAGAAAAGACATCACATTTTCAACAGAGCTCCCTCCAGCTA,GCCCATTTCGCTGCGTTGGT
SafeHarbor_C2,GACTCCCATTGACCAGCGAAAAGAAAAATGTTTGGTTAAAAGCACTTACAGTTTGATTGCTGACAAGAGTAAAAGGAAAGTCAAATTATGGGGCCCACCAACGCAGCGAAATGGGCAGCAGAGAAGGACAAGAGATTTTCCCACCTCTTGGCTTCGTCTTAACCCTATAACTGTTATAGCTAAGGCAGGAGGGCTGGTGGGAACACACTTACCTGTGTCTGTCATAGGCATCCTTAGTTCTCAGAAAAGACATCACATTTTCAACAGAGCTCCCTCCAGCTA,TGCCCATTTCGCTGCGTTGG
SafeHarbor_C3,GACTCCCATTGACCAGCGAAAAGAAAAATGTTTGGTTAAAAGCACTTACAGTTTGATTGCTGACAAGAGTAAAAGGAAAGTCAAATTATGGGGCCCACCAACGCAGCGAAATGGGCAGCAGAGAAGGACAAGAGATTTTCCCACCTCTTGGCTTCGTCTTAACCCTATAACTGTTATAGCTAAGGCAGGAGGGCTGGTGGGAACACACTTACCTGTGTCTGTCATAGGCATCCTTAGTTCTCAGAAAAGACATCACATTTTCAACAGAGCTCCCTCCAGCTA,GGCCCACCAACGCAGCGAAA
SafeHarbor_C4,GACTCCCATTGACCAGCGAAAAGAAAAATGTTTGGTTAAAAGCACTTACAGTTTGATTGCTGACAAGAGTAAAAGGAAAGTCAAATTATGGGGCCCACCAACGCAGCGAAATGGGCAGCAGAGAAGGACAAGAGATTTTCCCACCTCTTGGCTTCGTCTTAACCCTATAACTGTTATAGCTAAGGCAGGAGGGCTGGTGGGAACACACTTACCTGTGTCTGTCATAGGCATCCTTAGTTCTCAGAAAAGACATCACATTTTCAACAGAGCTCCCTCCAGCTA,GCCCACCAACGCAGCGAAAT
SafeHarbor_C5,CAGCAGACTGTGGGGATCTGAGGTCATGTCTCAGGCTTGTGTCTGCCTGAACAAGCCATTCTGCCCTTCCAGCTCTGCTGCAAACACTTCTTGTTAGGAGGATTTGCCATGACAAAGTTTCCTCCCAGAATTCTATATAGCAAATATGCATAGCATCCCTCTACCGAGCCTTCCTTCTCCACCCATTCCCCTTAGTTTTACTACCCCTCCCACTGCCAGCAAGGGTTCGAAGCCAGAGAGATGAGCC,GGAGAAGGAAGGCTCGGTAG
SafeHarbor_C6,CAGCAGACTGTGGGGATCTGAGGTCATGTCTCAGGCTTGTGTCTGCCTGAACAAGCCATTCTGCCCTTCCAGCTCTGCTGCAAACACTTCTTGTTAGGAGGATTTGCCATGACAAAGTTTCCTCCCAGAATTCTATATAGCAAATATGCATAGCATCCCTCTACCGAGCCTTCCTTCTCCACCCATTCCCCTTAGTTTTACTACCCCTCCCACTGCCAGCAAGGGTTCGAAGCCAGAGAGATGAGCC,TGGGAGGGGTAGTAAAACTA
SafeHarbor_C7,CAGCAGACTGTGGGGATCTGAGGTCATGTCTCAGGCTTGTGTCTGCCTGAACAAGCCATTCTGCCCTTCCAGCTCTGCTGCAAACACTTCTTGTTAGGAGGATTTGCCATGACAAAGTTTCCTCCCAGAATTCTATATAGCAAATATGCATAGCATCCCTCTACCGAGCCTTCCTTCTCCACCCATTCCCCTTAGTTTTACTACCCCTCCCACTGCCAGCAAGGGTTCGAAGCCAGAGAGATGAGCCTGGAC,TTCGAACCCTTGCTGGCAGT
SafeHarbor_C8,TACCGAGCCTTCCTTCTCCACCCATTCCCCTTAGTTTTACTACCCCTCCCACTGCCAGCAAGGGTTCGAAGCCAGAGAGATGAGCCTGGACATGAATGTCTCTATCCTTACATTTACTTCTCTCTTTGAATGACACTCCTTCCCCATCAGA,CTCTGGCTTCGAACCCTTGC
SafeHarbor_C9,CCAAAATCTGAGAGAAATGACAGGTATTTTAAGACTAAAGTTTGATTAGAAATGTGATAAGATAAAGGTAGTTCTCAGGAACAATGGAGGAAATTTGAAAATACTCCCTCTGAACTCCAGAAATAGAAATGCAAATCTGAAACTGTCGCTGAATGATTTAAAGAAGTTGAACAAACTTAACATAATCATATTGCAGATCAGGCGATTCTGA,ATAAGATAAAGGTAGTTCTC
SafeHarbor_C10,CCAAAATCTGAGAGAAATGACAGGTATTTTAAGACTAAAGTTTGATTAGAAATGTGATAAGATAAAGGTAGTTCTCAGGAACAATGGAGGAAATTTGAAAATACTCCCTCTGAACTCCAGAAATAGAAATGCAAATCTGAAACTGTCGCTGAATGATTTAAAGAAGTTGAACAAACTTAACATAATCATATTGCAGATCAGGCGATTCTGA,GTAGTTCTCAGGAACAATGG
SafeHarbor_C11,TGCAAATCTGAAACTGTCGCTGAATGATTTAAAGAAGTTGAACAAACTTAACATAATCATATTGCAGATCAGGCGATTCTGAGGTGAAATTAAGGATGAAAATCATATGAAAGAGGAAAAGGTCAGAGAAAAGAAGCAAGAGTAGGGAAATAAAAGGCAAAAGAAAATCACAGAAAGAGGCAGAACAAAGGCCATCTTCACTTTGCACTTAACTCAGGTATGTCCTCCTGGTCTGTCTTCTAGGGTAGGGGCAAGAAGCT,TTGCAGATCAGGCGATTCTG
SafeHarbor_C12,TGCAAATCTGAAACTGTCGCTGAATGATTTAAAGAAGTTGAACAAACTTAACATAATCATATTGCAGATCAGGCGATTCTGAGGTGAAATTAAGGATGAAAATCATATGAAAGAGGAAAAGGTCAGAGAAAAGAAGCAAGAGTAGGGAAATAAAAGGCAAAAGAAAATCACAGAAAGAGGCAGAACAAAGGCCATCTTCACTTTGCACTTAACTCAGGTATGTCCTCCTGGTCTGTCTTCTAGGGTAGGGGCAAGAAGCT,GCGATTCTGAGGTGAAATTA
SafeHarbor_D1,GATACCTCTTGGCTGGGCAGACTATAATATCCTAAAGAATTGCAGAGTCTGGGTAAATGCCTGATTTGGAGGAAAGTGCCCCAAAGGGCAGCCTGTCCAACCTAAGGGGGTCCTTGTGACCCTTTGATGGAAGCTGAGCAAGTGAGTCAAATGAAGATGGGAAGAAAGCCAGTGGG,TCCTAAAGAATTGCAGAGTC
SafeHarbor_D2,GATACCTCTTGGCTGGGCAGACTATAATATCCTAAAGAATTGCAGAGTCTGGGTAAATGCCTGATTTGGAGGAAAGTGCCCCAAAGGGCAGCCTGTCCAACCTAAGGGGGTCCTTGTGACCCTTTGATGGAAGCTGAGCAAGTGAGTCAAATGAAGATGGGAAGAAAGCCAGTGGG,GGGGCACTTTCCTCCAAATC
SafeHarbor_D3,GATACCTCTTGGCTGGGCAGACTATAATATCCTAAAGAATTGCAGAGTCTGGGTAAATGCCTGATTTGGAGGAAAGTGCCCCAAAGGGCAGCCTGTCCAACCTAAGGGGGTCCTTGTGACCCTTTGATGGAAGCTGAGCAAGTGAGTCAAATGAAGATGGGAAGAAAGCCAGTGGG,GTCTGGGTAAATGCCTGATT
SafeHarbor_D4,GATACCTCTTGGCTGGGCAGACTATAATATCCTAAAGAATTGCAGAGTCTGGGTAAATGCCTGATTTGGAGGAAAGTGCCCCAAAGGGCAGCCTGTCCAACCTAAGGGGGTCCTTGTGACCCTTTGATGGAAGCTGAGCAAGTGAGTCAAATGAAGATGGGAAGAAAGCCAGTGGG,TTTGGAGGAAAGTGCCCCAA
SafeHarbor_D5,ACATGCTTGTCTACCACTGCTTACTCACTGTCAAGTTCAACAATTGAAAATTATGCCTCTGCAGGGCAGAGAAATACATGTGAGTTTACTACTAAAGTGACCCACAATACCACTNNNNNNNNNNNNNNNNNNNTTTAAGAGAACAGCCTTGAAGTAACGATTGCTTAAAGTTATTAGCAAGCATGCTCAGTGTTTGACTAGCATCACCTGACCAACTTTAAAAGTATTAACGAGAATATTCACAGGCTAATTGAAAGCACTATGCAGTCTGGTCTCAGAGTTCC,TTTAAGCAATCGTTACTTCA
SafeHarbor_D6,ACATGCTTGTCTACCACTGCTTACTCACTGTCAAGTTCAACAATTGAAAATTATGCCTCTGCAGGGCAGAGAAATACATGTGAGTTTACTACTAAAGTGACCCACAATACCACTNNNNNNNNNNNNNNNNNNNTTTAAGAGAACAGCCTTGAAGTAACGATTGCTTAAAGTTATTAGCAAGCATGCTCAGTGTTTGACTAGCATCACCTGACCAACTTTAAAAGTATTAACGAGAATATTCACAGGCTAATTGAAAGCACTATGCAGTCTGGTCTCAGAGTTCC,GTATTAACGAGAATATTCAC
SafeHarbor_D7,TGACTAGCATCACCTGACCAACTTTAAAAGTATTAACGAGAATATTCACAGGCTAATTGAAAGCACTATGCAGTCTGGTCTCAGAGTTCCATACTGCTGAAAAAAACTCATTAATTATAATTTGGAATTTTTTAAGTGGTATGATAAAATGAAGAGGCTAGGCTAGCACCCATCAATGT,ATTGAAAGCACTATGCAGTC
SafeHarbor_D8,GCACTATGCAGTCTGGTCTCAGAGTTCCATACTGCTGAAAAAAACTCATTAATTATAATTTGGAATTTTTTAAGTGGTATGATAAAATGAAGAGGCTAGGCTAGCACCCATCAATGTACTGATGAGGAATGAAGTTCTAAAGCACCAACTAAGCAGTCTAATAGGTTTTGAGTGAGTGCCTAACAGGAACAAAGTGATAATAAAGGAAACAAACAAGGCTAAAACTTACCCTCAAATTTTTTGCCACCTATCAAGGGAAACA,CACCCATCAATGTACTGATG
SafeHarbor_D9,AGGGAAGAAAAGAGGCTTCGTCCTGTCTTCTGAGAGCTATCGAGGTTTGAAATGCCACGGCTTCTGAAACTAACCTAGCTGTTGGAAGGCTAGCTAAGGGATTCTCTAAGGACTCTGGTATTTTAAAGGAACAAATGAACCATTATTTTTGGGGCATGTTGATGGTTGGTC,CTGTCTTCTGAGAGCTATCG
SafeHarbor_D10,GGCTTCGTCCTGTCTTCTGAGAGCTATCGAGGTTTGAAATGCCACGGCTTCTGAAACTAACCTAGCTGTTGGAAGGCTAGCTAAGGGATTCTCTAAGGACTCTGGTATTTTAAAGGAACAAATGAACCATTATTTTTGGGGCATGTTGATGGTTGGTC,AAACTAACCTAGCTGTTGGA
SafeHarbor_D11,GGCTTCGTCCTGTCTTCTGAGAGCTATCGAGGTTTGAAATGCCACGGCTTCTGAAACTAACCTAGCTGTTGGAAGGCTAGCTAAGGGATTCTCTAAGGACTCTGGTATTTTAAAGGAACAAATGAACCATTATTTTTGGGGCATGTTGATGGTTGGTC,GCTAGCTAAGGGATTCTCTA
SafeHarbor_D12,GGGCATGTTGATGGTTGGTCTGTACCTCTCAAATTTCTGCCTCAGTATTGAAAACACCAGCAAGACTGGAATCTTTTGGTTAATGGATGATTGCTGATGTTGCTTTGTTGTCATTCCTTAGTACTTACCCAAGCCATGGTCCCTTACTAAACAACTCTAGGCTGTTTCCTTTTATTTCTTGAACCAATAAAATTTGCTTCAGCAATGAAGAGCCTTACTTGTTTTAATTAGTGGGATACGGAAGGGTCA,CATGGCTTGGGTAAGTACTA
SafeHarbor_E1,TTAGCATCAAGGATTTAAAGTCTGGNNNNNNNNNNNNNNNNNNNNNNNNNNNNNNNNNNNNNNNNNNNNNNNNNNNNNNNNNNNNNNNNNNNNNNNNNNNNNNNNNNNNNNNNNNNNNNNNNNNNNNNNNNNNNCAAAAATGTTTCCATCTTGTGGGTCCATACTGCATTCAGCT,ATTTATACTGTGTTAAGGTA
SafeHarbor_E2,TTAGCATCAAGGATTTAAAGTCTGGNNNNNNNNNNNNNNNNNNNNNNNNNNNNNNNNNNNNNNNNNNNNNNNNNNNNNNNNNNNNNNNNNNNNNNNNNNNNNNNNNNNNNNNNNNNNNNNNNNNNNNNNNNNNNCAAAAATGTTTCCATCTTGTGGGTCCATACTGCATTCAGCT,AACATTTTTGCCACCAGCAC
SafeHarbor_E3,TTAGCATCAAGGATTTAAAGTCTGGNNNNNNNNNNNNNNNNNNNNNNNNNNNNNNNNNNNNNNNNNNNNNNNNNNNNNNNNNNNNNNNNNNNNNNNNNNNNNNNNNNNNNNNNNNNNNNNNNNNNNNNNNNNNNCAAAAATGTTTCCATCTTGTGGGTCCATACTGCATTCAGCT,GTTCATGTAACATCCTGTGC
SafeHarbor_E4,TGGGTTTTGGGAGCTAGAGCTTCAAGTATTCTTTACAAGTGGATTAATAGTTTTGCATTTGGTATAATTCTCCTGATTTTATCCACTAAAACTTGCTTATTTTTAATATCTATGTTCTGTCAGGAAAAGTAGTAAGTAAAATCTTTAAATTCACCTATAATTTGAGAATGATATGTCTCTCCCGAAGTCAGTTTTATGGTGGAAGGTATTCTGTGTTTTAAAACAAAATCCACATTTACATCTACATAAACTGTGTGCCCCAGA,TCCACCATAAAACTGACTTC
SafeHarbor_E5,TGGGTTTTGGGAGCTAGAGCTTCAAGTATTCTTTACAAGTGGATTAATAGTTTTGCATTTGGTATAATTCTCCTGATTTTATCCACTAAAACTTGCTTATTTTTAATATCTATGTTCTGTCAGGAAAAGTAGTAAGTAAAATCTTTAAATTCACCTATAATTTGAGAATGATATGTCTCTCCCGAAGTCAGTTTTATGGTGGAAGGTATTCTGTGTTTTAAAACAAAATCCACATTTACATCTACATAAACTGTGTGCCCCAGA,CTCTCCCGAAGTCAGTTTTA
SafeHarbor_E6,TGGGTTTTGGGAGCTAGAGCTTCAAGTATTCTTTACAAGTGGATTAATAGTTTTGCATTTGGTATAATTCTCCTGATTTTATCCACTAAAACTTGCTTATTTTTAATATCTATGTTCTGTCAGGAAAAGTAGTAAGTAAAATCTTTAAATTCACCTATAATTTGAGAATGATATGTCTCTCCCGAAGTCAGTTTTATGGTGGAAGGTATTCTGTGTTTTAAAACAAAATCCACATTTACATCTACATAAACTGTGTGCCCCAGA,TCCCGAAGTCAGTTTTATGG
SafeHarbor_E7,CCTGGTGTTCAGTGGCCATTAAGGGTTTGAAAGATTTCATGCTCTAATTCTCTTTACAGAGTATACATTTTATGCAACAGAAAAATCTGTCTCCATATGTACATAAAGCTAAAGGAAAATATTTAGGGCTTTATATGACTCCCTCAAGTATTAATAAATATAAGAAATTAATTTTTAAATCCAGTGGTTTAAAATACCTTTCTCTTAACTGATTTTTTTTTTTAATTTGAAAAGAAGGAGTTCAAACTCAACTAAGGAAGTCAACATTCTTCAGCACA,CCTTTAGCTTTATGTACATA
SafeHarbor_E8,GCACAGCTTCACATTTCTCCCTTTTCCTATTTACTTAAGGAGACTGATTTGAAAACTTCTGGAGATAAAATTAGTTTCCCTTAAAACAATCAGTTTGTTAAGAGTAAACTTTAGAGGAAAAGATAACAATCAAAATATAAATTTAACACACTCATTTACAATTTTGTAACTAATCTTCTAATTTCTTCAATATGAACCCAAACTAAATCAATGGAGTTATAAAACTCAATTTTCAAAAATCTATGGCATCTTTCTTAAGATATCCTTACCTTTTCAGTTGCAAATATGAGGC,ATCAGTCTCCTTAAGTAAAT
SafeHarbor_E9,GCACAGCTTCACATTTCTCCCTTTTCCTATTTACTTAAGGAGACTGATTTGAAAACTTCTGGAGATAAAATTAGTTTCCCTTAAAACAATCAGTTTGTTAAGAGTAAACTTTAGAGGAAAAGATAACAATCAAAATATAAATTTAACACACTCATTTACAATTTTGTAACTAATCTTCTAATTTCTTCAATATGAACCCAAACTAAATCAATGGAGTTATAAAACTCAATTTTCAAAAATCTATGGCATCTTTCTTAAGATATCCTTACCTTTTCAGTTGCAAATATGAGGC,ATAACTCCATTGATTTAGTT
SafeHarbor_E10,TGAACCCAAACTAAATCAATGGAGTTATAAAACTCAATTTTCAAAAATCTATGGCATCTTTCTTAAGATATCCTTACCTTTTCAGTTGCAAATATGAGGCATAGATTACTTTAAAAACCTAAAGTCATGCTGCTAATATATGTGTGTACATATATACATAATATTTATGATTATGAAGTTACTTCCAGATAAGTCTTCAGTTTAAAAATATTCTACTGGGAAAGAAAGTATGTGGT,CCTCATATTTGCAACTGAAA
SafeHarbor_E11,CCTTTTCAGTTGCAAATATGAGGCATAGATTACTTTAAAAACCTAAAGTCATGCTGCTAATATATGTGTGTACATATATACATAATATTTATGATTATGAAGTTACTTCCAGATAAGTCTTCAGTTTAAAAATATTCTACTGGGAAAGAAAGTATGTGGT,TTTTAAACTGAAGACTTATC
SafeHarbor_E12,GGGGTGGGATGGAATCTGTTACTGCTGGTCTTTCCCCCATATCATAGATAAGGAGATTAAGGACCCCAGGGGTTAGAAACTTCCACGAGACACCCCCATGAGACATCCAGGTCTGGTGGGCTCCAGCCTTTGGGAGTCCGTCACCAAACCCAGAA,CGTGGAAGTTTCTAACCCCT
SafeHarbor_F1,GGGGTGGGATGGAATCTGTTACTGCTGGTCTTTCCCCCATATCATAGATAAGGAGATTAAGGACCCCAGGGGTTAGAAACTTCCACGAGACACCCCCATGAGACATCCAGGTCTGGTGGGCTCCAGCCTTTGGGAGTCCGTCACCAAACCCAGAA,TCGTGGAAGTTTCTAACCCC
SafeHarbor_F2,GGGGTGGGATGGAATCTGTTACTGCTGGTCTTTCCCCCATATCATAGATAAGGAGATTAAGGACCCCAGGGGTTAGAAACTTCCACGAGACACCCCCATGAGACATCCAGGTCTGGTGGGCTCCAGCCTTTGGGAGTCCGTCACCAAACCCAGAA,TGTCTCATGGGGGTGTCTCG
SafeHarbor_F3,GGGGTGGGATGGAATCTGTTACTGCTGGTCTTTCCCCCATATCATAGATAAGGAGATTAAGGACCCCAGGGGTTAGAAACTTCCACGAGACACCCCCATGAGACATCCAGGTCTGGTGGGCTCCAGCCTTTGGGAGTCCGTCACCAAACCCAGAAACACACGAAATGACCCACCTGCTC,GTTTGGTGACGGACTCCCAA
SafeHarbor_F4,AGGAAGGGAGAGACAATGAGGAGAAAGTCTTTTTTATATGATTTATACAAGTTTATAAATTAGAGTTTTAATATAATTCACGCCATGTATATGCTTCACCTAAAACATAGATACAGTTAAGGTCAGTGATTATGTGAAATTTACATGATTTCTAAGTTTCCTGTCATGTTTAGAGTTCAAGGATCAAATTGAGCATACCGTTGGCTAAATCTTATAACGTTTGCAAGCTGAGTGCAGGACGTTGTGAAATGCCTCACCCAATTGT,AACGTTTGCAAGCTGAGTGC
SafeHarbor_F5,ACGCCATGTATATGCTTCACCTAAAACATAGATACAGTTAAGGTCAGTGATTATGTGAAATTTACATGATTTCTAAGTTTCCTGTCATGTTTAGAGTTCAAGGATCAAATTGAGCATACCGTTGGCTAAATCTTATAACGTTTGCAAGCTGAGTGCAGGACGTTGTGAAATGCCTCACCCAATTGTAATAGTCAGTAGGAAATTCTTTTCCTAAAATTTCAAGCCTGTTGC,CTGACTATTACAATTGGGTG
SafeHarbor_F6,ACGCCATGTATATGCTTCACCTAAAACATAGATACAGTTAAGGTCAGTGATTATGTGAAATTTACATGATTTCTAAGTTTCCTGTCATGTTTAGAGTTCAAGGATCAAATTGAGCATACCGTTGGCTAAATCTTATAACGTTTGCAAGCTGAGTGCAGGACGTTGTGAAATGCCTCACCCAATTGTAATAGTCAGTAGGAAATTCTTTTCCTAAAATTTCAAGCCTGTTGC,TTCCTACTGACTATTACAAT
SafeHarbor_F7,ACGCCATGTATATGCTTCACCTAAAACATAGATACAGTTAAGGTCAGTGATTATGTGAAATTTACATGATTTCTAAGTTTCCTGTCATGTTTAGAGTTCAAGGATCAAATTGAGCATACCGTTGGCTAAATCTTATAACGTTTGCAAGCTGAGTGCAGGACGTTGTGAAATGCCTCACCCAATTGTAATAGTCAGTAGGAAATTCTTTTCCTAAAATTTCAAGCCTGTTGC,ACCCAATTGTAATAGTCAGT
SafeHarbor_F8,GACCACAGACACTCAAGGCATTGAGAGATGACTCAGGACTTCAGTGACACCACAAAAGTACAGCCAGGGTGGCCCCCAGATAACACTCCCTGCCTCAGGGAGGGGCACAAAAATAAGAAAATCAAATGGTGGGATTATATGTTTAGGATTTGGAAAGAATAATAATGACCTTTGAAATAAAAATGTTTCACCTAGTTCACTCTCTAAGTCTTTTGGCTCCAATTTTTTTCTTAAATTCTCAGATTTCTTTGAGTTCTAAATTAATTTGGTAATACAAGTATGCCACTCACAAGCTCGTAG,TGAGGCAGGGAGTGTTATCT
SafeHarbor_F9,GACCACAGACACTCAAGGCATTGAGAGATGACTCAGGACTTCAGTGACACCACAAAAGTACAGCCAGGGTGGCCCCCAGATAACACTCCCTGCCTCAGGGAGGGGCACAAAAATAAGAAAATCAAATGGTGGGATTATATGTTTAGGATTTGGAAAGAATAATAATGACCTTTGAAATAAAAATGTTTCACCTAGTTCACTCTCTAAGTCTTTTGGCTCCAATTTTTTTCTTAAATTCTCAGATTTCTTTGAGTTCTAAATTAATTTGGTAATACAAGTATGCCACTCACAAGCTCGTAG,CTGAGGCAGGGAGTGTTATC
SafeHarbor_F10,ACTCTCTAAGTCTTTTGGCTCCAATTTTTTTCTTAAATTCTCAGATTTCTTTGAGTTCTAAATTAATTTGGTAATACAAGTATGCCACTCACAAGCTCGTAGCCTATGTTTTGACATTTCTGTCAACTCCAACTCTAAATGTTAATAAGAAATGAAAACATTCTAATTTGCTTCAGGAAGAGTGATTCACTAGACACATGAGAAGGGAAAAGGGGAAACTCTTGGACATTTTGTTACCCGCTGCAAAAGC,ATAGGCTACGAGCTTGTGAG
SafeHarbor_F11,TGCCACTCACAAGCTCGTAGCCTATGTTTTGACATTTCTGTCAACTCCAACTCTAAATGTTAATAAGAAATGAAAACATTCTAATTTGCTTCAGGAAGAGTGATTCACTAGACACATGAGAAGGGAAAAGGGGAAACTCTTGGACATTTTGTTACCCGCTGCAAAAGC,GATTCACTAGACACATGAGA
SafeHarbor_F12,ATTGTTACCACCCTGCCCTGATTCCCCATCCCTTCACTCCACCCCAACTTTGTTTTTCTTGATCCTTTTGGTCATGATAAGGAGAACTGTACTAGTATTTTTACTTAAATTGTCTTCTGGCTTTTGTGCCCCCTATATTCCTTCAGTCACTTAGGGAAATGGCTTGGAGTGTTCAGCCTGAGTCCATTTTGTGCCCTCCTTCTCAGTTCC,TTCTCCTTATCATGACCAAA
SafeHarbor_G1,ATTGTTACCACCCTGCCCTGATTCCCCATCCCTTCACTCCACCCCAACTTTGTTTTTCTTGATCCTTTTGGTCATGATAAGGAGAACTGTACTAGTATTTTTACTTAAATTGTCTTCTGGCTTTTGTGCCCCCTATATTCCTTCAGTCACTTAGGGAAATGGCTTGGAGTGTTCAGCCTGAGTCCATTTTGTGCCCTCCTTCTCAGTTCC,TGATCCTTTTGGTCATGATA
SafeHarbor_G2,ATTGTTACCACCCTGCCCTGATTCCCCATCCCTTCACTCCACCCCAACTTTGTTTTTCTTGATCCTTTTGGTCATGATAAGGAGAACTGTACTAGTATTTTTACTTAAATTGTCTTCTGGCTTTTGTGCCCCCTATATTCCTTCAGTCACTTAGGGAAATGGCTTGGAGTGTTCAGCCTGAGTCCATTTTGTGCCCTCCTTCTCAGTTCCTGGATATGATGATAAATTTGTACCAATTCATACCCCACCACAATCAGCTTCA,GGAGGGCACAAAATGGACTC
SafeHarbor_G3,GGAGTGTTCAGCCTGAGTCCATTTTGTGCCCTCCTTCTCAGTTCCTGGATATGATGATAAATTTGTACCAATTCATACCCCACCACAATCAGCTTCATTGGTAAAGGTTTTCCTTGGAGAACCCTATTAAATGCCAGTGGCTATTTCATTTGACACCTCTGACAGTCCT,GATTGTGGTGGGGTATGAAT
SafeHarbor_G4,GACACCTCAGTCCCAACCAGTTCAAACACTCTCCAGGTGTCGAGGCCCCTCTTTCTCTCCCTCTGACCCAAGCATCAGTCATCATAAAAGGGAGCAAACCTGCTGAAGCATCCACCATAAAAACCCAGCCAAGAAAGTTAAAAAAGAAAAAGGAAGAGGCGAGAGAGTGTTTCTTCTTTCAGTTGTGAAAAGAGCTCATAAAACGATCAAAACACGCCAGCCCGGGCCCGGGCTTTGTTACCTTTGC,GAAAGAGGGGCCTCGACACC
SafeHarbor_G5,CCGGGCTTTGTTACCTTTGCGCCTCTCGCCTCCTCTCGCCCGAACTCTGCAGATCCCATTCATGACGAAGGGCTTCTTCCAAACTGAGAGAAAAAAGTTTTCAACTTTATGGTTCCAAATTTTTTCCCCCTTGCAGATCCGGGAGAGACGGCTAACACTTTTTTCCCCCAACAGCCGGTCCAAGGAGATTT,ATCTGCAGAGTTCGGGCGAG
SafeHarbor_G6,CTTGCAGATCCGGGAGAGACGGCTAACACTTTTTTCCCCCAACAGCCGGTCCAAGGAGATTTGCTGTTGAATAATAACAAAGGAGAGAGGATACGTATTTAAAGAAAAGAAGTGATTAATGGTTTTCTGTATAATTCTCACATTTTTCTTAGCTCTTGTCTACACAGAATGGCTGTGAACTTTAAGCTCCA,ATCTCCTTGGACCGGCTGTT
SafeHarbor_G7,CTTGCAGATCCGGGAGAGACGGCTAACACTTTTTTCCCCCAACAGCCGGTCCAAGGAGATTTGCTGTTGAATAATAACAAAGGAGAGAGGATACGTATTTAAAGAAAAGAAGTGATTAATGGTTTTCTGTATAATTCTCACATTTTTCTTAGCTCTTGTCTACACAGAATGGCTGTGAACTTTAAGCTCCA,AATCTCCTTGGACCGGCTGT
SafeHarbor_G8,GCCAACTCTGTCTCCTTCCCTTTGTGATGCTCTGCCCCTCCATGGAGATCATGGGAACAATTCTTAAGCTCTTTGTAGACTGGGCAAGGACACATAAATCCCCTAAGTCAGAACTGGGTATCAATGGTGGGTTAAGGGCTGAAATATAGAAACATGTGCAATTATTTGATGGTTTATGGCTCATTTCAACCAAAAGACCATTCCTAGCCCATTTGCACTGTTTTCATTGAGATGTCAAAAGTGCTGAAAGGAGGCTGGGAAAACTGGTTGGCTCCTGTCTG,TCAGAACTGGGTATCAATGG
SafeHarbor_G9,GCCAACTCTGTCTCCTTCCCTTTGTGATGCTCTGCCCCTCCATGGAGATCATGGGAACAATTCTTAAGCTCTTTGTAGACTGGGCAAGGACACATAAATCCCCTAAGTCAGAACTGGGTATCAATGGTGGGTTAAGGGCTGAAATATAGAAACATGTGCAATTATTTGATGGTTTATGGCTCATTTCAACCAAAAGACCATTCCTAGCCCATTTGCACTGTTTTCATTGAGATGTCAAAAGTGCTGAAAGGAGGCTGGGAAAACTGGTTGGCTCCTGTCTG,CAGAACTGGGTATCAATGGT
SafeHarbor_G10,AAGGAGGCTGGGAAAACTGGTTGGCTCCTGTCTGGGGCAGGCAGCTGATAGAGGAAATTAGCTGGTTCCTATAATTGGCACTGTAGCTCCCAATGAAGAGAGGGCAGACAGATTTAAATGAGCTGTTTTTGGGAGGAGGTGGGGAAGGAAAGGAGA,GGAGCTACAGTGCCAATTAT
SafeHarbor_G11,AAGGAGGCTGGGAAAACTGGTTGGCTCCTGTCTGGGGCAGGCAGCTGATAGAGGAAATTAGCTGGTTCCTATAATTGGCACTGTAGCTCCCAATGAAGAGAGGGCAGACAGATTTAAATGAGCTGTTTTTGGGAGGAGGTGGGGAAGGAAAGGAGA,AATTAGCTGGTTCCTATAAT
SafeHarbor_G12,GCCACTTTGACACCACAAGGTATAAAAGGGCACATTAATAATTAGTTATACCATTTGTCATCTACACTAGCACCTGCTGAAGACAAGCTGCCAGTTCTCTAATCCTAGTGAGTCCTCCAATAGGAAAGTCAAACTTTTAAAGAAAGGTCACAGAGTGATGAGTTTTAATATCACACTTTAAGGGCATTTTGGCTGTATTTCAACTGGTCCT,TTCCTATTGGAGGACTCACT
SafeHarbor_H1,GCCACTTTGACACCACAAGGTATAAAAGGGCACATTAATAATTAGTTATACCATTTGTCATCTACACTAGCACCTGCTGAAGACAAGCTGCCAGTTCTCTAATCCTAGTGAGTCCTCCAATAGGAAAGTCAAACTTTTAAAGAAAGGTCACAGAGTGATGAGTTTTAATATCACACTTTAAGGGCATTTTGGCTGTATTTCAACTGGTCCT,ATCCTAGTGAGTCCTCCAAT
SafeHarbor_H2,GACTATATCTACACACCCACATACAAATATACATACTAGTTTTTCTTCTTAAATNNNNNNNNNNNNNNNNNNNNNNNNNNNNNNNNNNNNNNNNNNNNNNNNNNNNNNNNNNNNNNNNNNNNNNNNNNNNNNNNNNNNNNNNNNNNNNNNNNNNNNNNNNNNNNNNNNNNNNNNNNNNNNNNNNNNNNNNNNNNNNNNNNNNNNNNNNNNNNNAGTCCTAAAATCCTTCTATCTTTTTTCAAATCTAATTGCTAAGTATCTTCCATAACCTTCTTTTCTGAAATGTGTTGA,ACCATTAGCTGGATATCCTT
SafeHarbor_H3,GACTATATCTACACACCCACATACAAATATACATACTAGTTTTTCTTCTTAAATNNNNNNNNNNNNNNNNNNNNNNNNNNNNNNNNNNNNNNNNNNNNNNNNNNNNNNNNNNNNNNNNNNNNNNNNNNNNNNNNNNNNNNNNNNNNNNNNNNNNNNNNNNNNNNNNNNNNNNNNNNNNNNNNNNNNNNNNNNNNNNNNNNNNNNNNNNNNNNNAGTCCTAAAATCCTTCTATCTTTTTTCAAATCTAATTGCTAAGTATCTTCCATAACCTTCTTTTCTGAAATGTGTTGA,GAACTGAGATTAAGTACCCA
SafeHarbor_H4,ACATGAAATGGATGCATTGTAGTTGAATAAAAATAAATTACCTAAGTCTAGAATTCTAGATTATAGAAATGAACAACTATGCATTGAAAAATTATAAGGACTCATTTTTGACTTTGAAATATAAAATAATAAATATCATCATATTTTTAAAATATTAGGTTGTCCATTGGGAGAATAACACACACATGCATACTTACAC,TAAAATATTAGGTTGTCCAT
SafeHarbor_H5,ACATGAAATGGATGCATTGTAGTTGAATAAAAATAAATTACCTAAGTCTAGAATTCTAGATTATAGAAATGAACAACTATGCATTGAAAAATTATAAGGACTCATTTTTGACTTTGAAATATAAAATAATAAATATCATCATATTTTTAAAATATTAGGTTGTCCATTGGGAGAATAACACACACATGCATACTTACAC,AAAATATTAGGTTGTCCATT
SafeHarbor_H6,AGTGGTGTAAAAGCTCAGTGATAACTTTGAATATAAATGGATTAATTTCCTGTATTATTAGACTGGCTTTAACAAGAAAATTCCATCTACATATTTTTAACAACAACCACAAAAATTATAATAAAGAAAGGGTTACAATGAATGAATGTTTACAGAGAAATTAGGCAAAGCTGAAGCAACT,TAAAGCCAGTCTAATAATAC
SafeHarbor_H7,AGGAAGGAGGAGGCCTAAGGATGGGGCTTTTCTGTCACCAATCCTGTCCCTAGTGGCCCCACTGTGGGGTGGAGGGGACAGATAAAAGTACCCAGAACCAGAGCCACATTAACCGGCCCTGGGAATATAAGGTGGTCCCAGCTCGGGGACACAGGATCCCTGGAGGCAGCAAACATGCTGTCCTGAAGTGGACATAGGGGCCCGGGTTGGAGGAAGAAGACTAGCTGAGCTCTCGGACCCCTGGAAGATGCCATGACAGGGGGCTGGAAGAGCTAGCACAGACTAGAGAGGTAAGGGGGGTAGGGGAGCTGCCCAAATGAAAGGAGTGAGAGGTGACCCGAATCCACAGGAGAACGGGGTGTCCAGGCAAAGAAAGCAAGAGGATGGAGAGGTGGCT,GTCACCAATCCTGTCCCTAG
SafeHarbor_H8,AGGAAGGAGGAGGCCTAAGGATGGGGCTTTTCTGTCACCAATCCTGTCCCTAGTGGCCCCACTGTGGGGTGGAGGGGACAGATAAAAGTACCCAGAACCAGAGCCACATTAACCGGCCCTGGGAATATAAGGTGGTCCCAGCTCGGGGACACAGGATCCCTGGAGGCAGCAAACATGCTGTCCTGAAGTGGACATAGGGGCCCGGGTTGGAGGAAGAAGACTAGCTGAGCTCTCGGACCCCTGGAAGATGCCATGACAGGGGGCTGGAAGAGCTAGCACAGACTAGAGAGGTAAGGGGGGTAGGGGAGCTGCCCAAATGAAAGGAGTGAGAGGTGACCCGAATCCACAGGAGAACGGGGTGTCCAGGCAAAGAAAGCAAGAGGATGGAGAGGTGGCT,ACCCCACAGtGGGGCCACtA
SafeHarbor_H9,CCACCTTTTCAGCCAACAGCTTCCTTGGCCTCTGACTGTTGGTGGCGTGGACGATGGCCAGGTAGCGGTCCAGACTGATGAAGGCCAGGATGAGGACACTGCTGTAGAGGTTGACTGTGTAGATGACATGGACTGCCTTGCATAGGAAGTTCCCAAAGTACCAGTTTGCCACGGCATCAACTGCCCAGAAGGGAAGCGTGATGACAAAGAGGAGGTCGGCCACTGACAGGTGCAGCCTGTACTTGTCCGTCATGCTTCTCAGTTTCTTCTGGTAACCCATGACCAGGATGACCAATCCATTGCCCACA,GAAGCGTGATGACAAAGAGG
SafeHarbor_H10,TCAGTGGGTCTAAGCTCAGAACTCTGAGCTTAGAGAAACAGGATGCCCCAGTAAACATGATTTGTTTGAGAGAAACTACCATATGTAATAGATGATTCCTCAATAAACTGTTTTCACTAGGTCAGTTTAATCTTGGAAATTACACTATAGATATCCTGGTATTAGCCACAAGGCTATGCTATCTATAGGGTCAGTCCAGTATAAACTGACCTGTTGGGGTCTTTAAAGCTCAAGGAAAAAGGCCATAGTTGATTTCTCCT,GTTGGGGTCTTTAAAGCTCA
SafeHarbor_H11,GGAAAGGGGACTCAGAACTGTACTGTATTCTGTAGAATCTTTATCCGTAAGTGCTATGTATATACTAATAGTTAAGGTGAATAATAAAACAATTGTGAGCTAAGGAATGTGATACAGAACACAAGGAGTCAATTAATGCATGAGTCTTAAGGGAAATTCTTAGACTTCAGTGGGTCTAAGCTCAGAACTCTGAGCTTAGAGAAACAGGATGCCCCAGTAAACATGATTTGTTTGAGAGAAACTACCATATGTAATAGATGATTCCTCAATAAACTGTTTTCACTAGGTCAGTTTAATCTTGGAAATTACACTATAGATATCCTGGTATTAGCCACAAGGCTATGCTATCTATAGGGTCAGTCCAGTATAAACTGACCTGTTGGGGTCTTTAAAGCT,CTCAATAAACTGTTTTCACT
SafeHarbor_H12,AGGAAGGAGGAGGCCTAAGGATGGGGCTTTTCTGTCACCAATCCTGTCCCTAGTGGCCCCACTGTGGGGTGGAGGGGACAGATAAAAGTACCCAGAACCAGAGCCACATTAACCGGCCCTGGGAATATAAGGTGGTCCCAGCTCGGGGACACAGGATCCCTGGAGGCAGCAAACATGCTGTCCTGAAGTGGACATAGGGGCCCGGGTTGGAGGAAGAAGACTAGCTGAGCTCTCGGACCCCTGGAAGATGCCATGACAGGGGGCTGGAAGAGCTAGCACAGACTAGAGAGGTAAGGGGGGTAGGGGAGCTGCCCAAATGAAAGGAGTGAGAGGTGACCCGAATCCACAGGAGAACGGGGTGTCCAGGCAAAGAAAGCAAGAGGATGGAGAGGTGGCT,
